id,human_readable_id,community,level,parent,children,title,entity_ids,relationship_ids,text_unit_ids,period,size
a438a991-b71d-469b-a1b5-20ef8ed2c8e5,0,0,0,-1,[16 17 18],Community 0,"['c3251355-9488-4c60-a9ab-6be8c1c1c7ea'
 '164c0e4a-86da-4fd2-98f4-d612bf29682f'
 '1ac7596b-4607-4d4d-87ca-570bf6a4189f'
 'a39d4d09-0bd6-4bf3-9bef-c0a6e2104186'
 'cbd4b3ab-5c7f-42a5-94b9-3740cda402ff'
 'a904e0ff-8af4-4090-9452-b6ee49f26cb8'
 '6632bc2c-5d6c-4625-af1c-dbdecc71797b'
 '387f0e24-f580-4221-8bbc-9ee9ad2fdb1d'
 '822d0b21-2432-4dfc-9d1f-665425d28e8b'
 '5276e254-40c3-482b-8648-64607c42ef56'
 '14648031-eca7-4a8c-811c-0d4e7ddd2082'
 '5868e123-935c-4240-b20d-40843297a74d'
 '26ced26c-8340-414f-804b-d4813f50ece7'
 '5e7a1e49-e9ea-45cc-b869-a39f0bf1e0ec'
 '7fa0bcf1-518f-4a47-a7a8-eeb5e0526fcd'
 '10266ee4-48ba-40ca-93d5-fdeb0ad3f2f2'
 'dd8ac356-6932-40c7-a6fc-6a74c477c0c5'
 '1d4b9657-b1cb-4952-a417-bdb299846dd4'
 '877b9ae6-c07b-4ad1-be1c-49dc19135116']","['163f4474-cccd-44af-aa9b-30d7c7f7d92b'
 '1e324e3e-b26e-46b3-af25-d367b3da7822'
 '316e1382-2ca7-477e-9d9f-c5f6bab0b3ba'
 '685f5479-026f-4e7b-9a22-76bc93cae728'
 '6c4ee7ac-61b1-44a9-99dc-8700f339a8ca'
 '79802433-ef12-4626-bff8-c5a955bdd025'
 '798e0770-d5e0-4b9e-b0ae-63eb3d158953'
 '7bc56a0c-498d-4792-aed4-63b36448e0fa'
 '8858d0af-634e-4602-9563-057451f1481c'
 '891d3e60-993c-4aba-a99a-2c9abeee40d2'
 '8d5121a8-ca9d-45c6-a0a8-fed9eea6aed8'
 '9ebf7728-6175-4149-a86e-fd5ed208ad87'
 'aa4a8c35-ffc8-48fa-b27d-77ef5e571f99'
 'c0580fe2-4938-4812-accf-c6524c152034'
 'c7a37000-0d1f-4c38-9f52-0c2a3b5ff976'
 'ce8e866b-e807-4721-b81d-d10d7faa33ae'
 'd1e18a65-61ed-4fdc-9455-41f488365ce2'
 'd3232268-f4b5-4cd2-a3c7-426821f229c8'
 'd8e84858-5b03-4b8b-a0b1-fd9858afdf0c'
 'd9336733-17d9-44a2-8cc8-b37159ca0f7d'
 'ddab4818-a6d8-4bb0-ae2d-901b48e252d6'
 'de3b9bb9-9c45-4476-8873-4f1d1d492eaa']","['05802f69e17001a506260c74ca400f6a1368fbf0132720e670d13ffd39c31d615ca94e0ffc071332bd317faa48542bde7970720b9f035d496136fc5d6bbb8ca5'
 '06c273ec9919eb4693462fdacebd50536ccdcf47bacc47b2b30c8a69005636b654b4919dc579696a4a7abbde4a00511a66f0c0be040f4ffc907fc316bee009dc'
 '2d9fdebd364caf6ea226dc0ee6624e0c2d54fc65848a9cd18f9b868675333d5be302c20a6cbb1b4f9503e536f5051a60a8783cd3657ab2cf1f9daf65be366c76'
 '41bd25afdc1cce74b36dd6db5e44e91354172fda16475ab6a3f6cf99bddc720aa91cb56b5ea1b1c4774c8c97017d6bb03c52ba2676d7cfaab1c73fed8ab82912'
 '50e06bf07ca2ce3a4e0dc0520305a36334e339dc022e32de2a78b62769102078202b01514330a1c4939e30fdb8f4d3884f790c7814b2e95e9bdb0894b3323a4e'
 '50fb8f6506c2271985ee7ffe42523d2eb06abbd85be8ea5021ae2d36d260f6f63d177e59ca2da764eeaeb4a953c841282dbf214859a753f968cb6e6cb86e0c72'
 '6a1a5132f360531b1174e0eac2b2c5b6ece3b0771a8037231306baf0af8e8ca23de435f581fc62d6794cab81a5dadf3235b66eda56c331a0043621c688fbe302'
 '7a01190bcf30936758d004f89d7553c62632e91427f92e6420a9e453f2c5d92ab18ae9e62c46bc28aeb398621b28cfd3af89bf2317c887a5eec276b5b7a51052'
 '7ae981575e185e2452d144d541d822b7725e27bc7dda501c9d8495719003ccb89584fe5e1ac83baa67ae4060497ae5e2536fae015a551dc8cdefa9b5aa17289b'
 'd7219f76b31818b7b13bf08dda81003d752e53f7660831d5e201d105d2bc1fc19e8cc49ca6cd21e08570939d7fb3e87b45f0f5feb8575df195e7be8cbd3b6475'
 'f9e54ba797ff2b80a5f0e5f24e3901236ac4130e4e84d01615e67bc810b290cd5ac7c08f71a782797073050d512eda2695c3659569deba0d4bd5c3ab6195784a']",2026-07-26,19
89a0b61a-0b65-430f-98f6-2580e7e8aca0,1,1,0,-1,[],Community 1,"['13117ee5-b90c-4b76-8040-493a82f75bab'
 '7f282e6a-da71-4655-9c93-fdca9bbcd991'
 '1259f1ea-6af0-4ecb-ab59-da190397f57a'
 'd6cc1a8e-9f0c-480e-9626-cbe42aa054ca'
 '2fda8d7a-1776-44e9-bef3-57b726378bc6'
 'cf9f9721-4bd5-4378-8aff-c27b9cf0d682'
 '1bdbd9c1-25ba-4f2c-a352-73bcda07ff41'
 '6ed122fd-3c5d-4758-a4ad-dcd3834cf553'
 '8602fd80-fbb7-439b-a972-0fad93140ac4']","['15562353-e4ea-483e-af2b-2b6790c3c853'
 '2c799b2c-c271-4f4b-824b-9f3c8f7735aa'
 '418daebe-190b-4235-8cbf-dc72e4353803'
 '4b51c17a-2330-46bf-9a16-0a72d7645594'
 '61823f63-b456-4a33-8dcf-49f6d6331e93'
 '733ebcd3-cea2-4a1e-9d03-70460a8daf09'
 'cdc74af2-0c57-475b-bfee-27755aa78da2'
 'd189b350-371a-4eb9-92db-36018a7d25b6']","['41bd25afdc1cce74b36dd6db5e44e91354172fda16475ab6a3f6cf99bddc720aa91cb56b5ea1b1c4774c8c97017d6bb03c52ba2676d7cfaab1c73fed8ab82912'
 '50e06bf07ca2ce3a4e0dc0520305a36334e339dc022e32de2a78b62769102078202b01514330a1c4939e30fdb8f4d3884f790c7814b2e95e9bdb0894b3323a4e'
 '6927535991c09031efd0df39ec21591dd3bb460da14c01bc36d343f0078b726ed44d06a0c6bb518236ea61ed8c8b15365630cf185b8012e963898f2e117f7d8a']",2026-07-26,9
c01b5153-8328-46aa-a474-c9a5e37367c1,2,2,0,-1,[19 20 21 22],Community 2,"['266cefa0-e9a7-467f-861d-edd83f4640b8'
 '215397b2-ec8b-42d3-a006-997812e16088'
 '961b803c-a36c-4d38-8bc9-0f9b8292c423'
 '87671c51-7ba4-4fb4-97a0-6e4dde071aaf'
 '4c416789-833a-48c4-886e-525975c1361a'
 '5affe51f-4d94-412e-9f92-ef97a57ce2d8'
 '0d10a81f-a956-41ee-aff5-1afe6357d906'
 'da859794-22ac-4aaa-bcd5-876f6b0c895e'
 '00ed91d9-25e8-41a4-90a8-8f35ad7e2ab9'
 '1136bec6-e01b-4dff-b7cf-321d71fab64f'
 'b2df2fb1-d9b7-4a6e-a234-d1ccf5af0bfe'
 '1bedc625-e128-4148-a772-ced730e23b39'
 '157b97b9-65fa-4d76-bb2f-8585255f68e1'
 '6099a30e-af06-46fc-b3dd-29dbace11568'
 '7788f717-b622-40bf-ae6f-7f920bd9d011'
 'b4f74b36-edcb-4bdf-896e-86f95606ab04'
 '5a68cbd4-811c-4a96-ae0c-7e3ee03d2079'
 '17cdc3f7-bfdf-4d85-b16a-894cef024f94'
 '806eb2fa-9457-4604-b4ea-844f567603b9'
 '8dd972ba-c407-4f17-ab2d-557ed2f3ef78']","['0915d977-7c3a-4602-a1b3-e524e099b557'
 '0b435199-cc9e-4b42-8ecf-ffc20fc4922d'
 '0c27b0c7-952d-41ee-b07f-d5e0a41280cf'
 '19072728-40af-44c0-b252-e5a77905721f'
 '244746e4-8815-4ecf-b4db-31e50b29da1c'
 '2735f0c9-2568-4701-9b1a-c9a268dd82c9'
 '34bd900f-ab47-461c-b35c-19e7337c4541'
 '415b3c5e-1871-4fd0-b0c0-f3ec79cf2e99'
 '4192936f-5c3a-490f-aa71-0acba1a582fc'
 '4d6d2ba9-da70-4272-b985-9a4109e29f78'
 '52e7af28-d7f1-4bca-b377-0e0378da4cbf'
 '55ae061b-29bc-4047-84eb-8f8bb23a9145'
 '8e78f0b1-7026-4455-97ea-369099fc026c'
 '8f00a61d-6e57-41b6-b61e-03daedd03b05'
 '9628cda9-7a65-44f6-b51d-7b591dbeb58e'
 'aa89739c-666e-45bd-a31c-e1ca73352316'
 'c9d77fe2-3a36-45b7-9547-a71d185de199'
 'd83746d9-f673-4b14-95b9-ba6fef0fd6b6'
 'd9f403be-cc3e-4573-acd6-5f74c1ea4f9c'
 'ed2f86cd-c6ea-40a4-a408-468ad0f59cab'
 'f68ad46f-6ff2-4cf2-8b7e-fb70eecf6d9d']","['23663988970639bea940978ccbd9150fd292856f2f31a1d587392606a64713d5dfeade66f1beea67d1cc0b0e93012337685e0eca3267f98c1695a466657a8b24'
 '41bd25afdc1cce74b36dd6db5e44e91354172fda16475ab6a3f6cf99bddc720aa91cb56b5ea1b1c4774c8c97017d6bb03c52ba2676d7cfaab1c73fed8ab82912'
 'dafd7f2f39e49c87969ec1360e9fae0af9de6f290655205c8c120dd24dcc85da04f0536237f7f9529d31deed892d5abae3b8f58fb66ae9e497327f23b1e6b750'
 'e498566a78d36b3ce13304157993b9b4269045840f1d63663ab07328cc5c6a9ebc15f47c9ae340cbebf706bc8faebd35ccc4f11ae0aa4cb9a223345224329757'
 'f9e54ba797ff2b80a5f0e5f24e3901236ac4130e4e84d01615e67bc810b290cd5ac7c08f71a782797073050d512eda2695c3659569deba0d4bd5c3ab6195784a']",2026-07-26,20
bca47c41-c55b-43cb-8d78-2e9c04d3449a,3,3,0,-1,[23 24 25 26],Community 3,"['54fa733a-a7c0-4381-a636-a9658fa0e87e'
 '8a82e917-71d5-4022-bdde-448374639e51'
 '1464cae1-a7b9-4f21-a231-9fadd73c01e9'
 '88074642-e56c-4151-a3a7-3faba674981c'
 'f19d5f3d-ba6e-4b4c-835d-7e5a5c76d5ca'
 'fba0d109-c186-4232-8526-e644aed87e0e'
 'b38e2d7e-f4e3-475a-be55-a4331011bae6'
 'b343cef7-f035-475f-83d7-4c66f9d50518'
 '6f703a3b-fcd6-4f1e-af89-256adf6b1f50'
 '6716a2cc-cb40-429e-973a-9dcbde993544'
 '1eaa4eb6-a4d0-411c-ac9f-27a048c12838'
 '6851d011-b74d-42f8-86bb-6d09fb4653d9']","['077dc73a-13dd-4054-b2f1-5a225ae155d7'
 '0aa2721d-8355-4e44-8d25-a8c03cd69154'
 '28c08a4e-bb02-4d2c-b6ed-eefed92370de'
 '582f6674-1bc0-4a3a-ae6d-09db9f37b032'
 '78ae91a7-8fac-49fa-a52b-61e5cf27c86e'
 '9d43acea-9ff3-488e-beff-043a5093de33'
 'a1df905d-f4ef-494a-a6c4-76a91ca6c06f'
 'c9b7a098-089d-4873-91ac-30ffe0729c8c'
 'e7dcf7af-b1bb-4919-b723-8d04d5e9f9aa'
 'f2d8f4f0-fe78-4faf-8491-8d869b72daf5'
 'fa143321-4ecd-4b7c-888b-2ac5d97bc3bb'
 'fe254eb7-b11d-4780-87af-e9c44ea59dcf']","['23663988970639bea940978ccbd9150fd292856f2f31a1d587392606a64713d5dfeade66f1beea67d1cc0b0e93012337685e0eca3267f98c1695a466657a8b24'
 '6a1a5132f360531b1174e0eac2b2c5b6ece3b0771a8037231306baf0af8e8ca23de435f581fc62d6794cab81a5dadf3235b66eda56c331a0043621c688fbe302'
 '7a01190bcf30936758d004f89d7553c62632e91427f92e6420a9e453f2c5d92ab18ae9e62c46bc28aeb398621b28cfd3af89bf2317c887a5eec276b5b7a51052'
 '9ce049a98570c6bf53cf9e547168db075af2795fa519422bd27a2c9aa5b490c4b26aef25883802c4d8eb6e4dcb09c866e7d31677352f7beb6c4f9fcbbcc75e9b']",2026-07-26,12
063d9b6c-1392-43e8-8ff0-b709b5ca7f27,4,4,0,-1,[27 28],Community 4,"['c6d4e772-b49e-41d5-9ea7-0f84b2a805ee'
 '4f437721-6e05-4281-b8f8-9aa8607e363c'
 '65e29d8f-cf08-4e8a-bdec-d0e401b1218e'
 '3f361c8e-9fe6-42ad-a363-6ef3eac9a336'
 '16960e50-5ca7-4794-b948-c6ff68a905d2'
 '060e3cbb-684f-4af8-aa21-e3aec06b90ba'
 '7cfc2e3b-9b49-4865-9501-f46d0b780b50'
 '4561e736-f2a9-49e0-8a0c-3734b1231091'
 'cc883028-0f50-407c-8000-ca1c30d11e17'
 'c9248640-a9bd-4087-81cb-1d8623902111'
 'd25da35b-8779-4ef3-85d8-d12f9bb58615'
 '01e1d43a-09c6-430f-bad7-2e7c39cf05c2']","['0b1bd8a6-5def-4466-82c7-973c62019a02'
 '16a91568-83ea-478d-a826-cd9dbdac528e'
 '1a921a10-cdab-4b21-833a-72049110e533'
 '21386638-1984-46c7-bb41-8ab62301b7cc'
 '2d72f58e-a9d3-4cd4-9bc7-e34d517d45d5'
 '41e89949-0bc6-4edf-a904-e7038e8a2297'
 '63bef463-086e-46db-8fee-d8e2a1e99148'
 '8e9ba404-df81-41a0-a6f9-d250dd7b9ce7'
 '921fbe97-1869-456a-854e-9f3fd4a5092c'
 'a0aa2432-7a35-4a85-98b6-decef4e59660'
 'a5beb25b-a445-42e6-916d-ea67453163c4'
 'dc83daff-aee2-41b0-8434-5ebdb6a6face'
 'ed28d3bc-6b18-4dc8-9eda-9283b7002d8a'
 'f0765200-5a38-432b-9805-f6b059f161d2']","['05802f69e17001a506260c74ca400f6a1368fbf0132720e670d13ffd39c31d615ca94e0ffc071332bd317faa48542bde7970720b9f035d496136fc5d6bbb8ca5'
 '6927535991c09031efd0df39ec21591dd3bb460da14c01bc36d343f0078b726ed44d06a0c6bb518236ea61ed8c8b15365630cf185b8012e963898f2e117f7d8a']",2026-07-26,12
97030300-0a79-4cc0-922a-7bded5ef6b8b,5,5,0,-1,[29 30 31 32 33 34 35],Community 5,"['cb0a1b84-f9a3-4404-9807-afa3d1e6c3af'
 '586a360f-3504-41cd-ba78-3677e4822763'
 '6577fac6-a810-4c02-a95e-f51a14877d5e'
 'f19f27a8-3562-4fd1-88dc-b1b1ac00bd6f'
 '0acd98a6-ad03-4d6c-b1de-9104f4fb1343'
 '565f8c34-532e-4edf-9043-5584199aacdc'
 '37e2bb35-a727-40e3-b466-b12998e333aa'
 '01f0167c-f3e4-4412-ae8d-2810abe5f68f'
 '20d09d66-a59c-4b76-8145-28e85268c331'
 '989f5ee5-4f8f-45bb-ae0c-fed8e87f1dbc'
 'e8eb98fb-94d0-4fa6-bd04-bfdd1d5f08b3'
 'bee1540d-07a2-48d9-ad27-d8a787a20485'
 '6bd6fd38-1878-4bbc-b46d-3f110e3ad089'
 'a2dbb130-3ace-4ef7-8bc8-06236f2950ee'
 '8a7a07f7-e526-4c84-8dcc-ff6f50a8e68f'
 'ff60fe4d-c32a-40ad-9471-59abb741bb84'
 '9751fdbc-8bd3-4e71-938c-e3b3b8811042'
 '9b15ab50-e67c-46c6-967c-1b7ccfdf7e83'
 'c579a318-d4d8-48b0-a35d-59fb0ca93bf4'
 '6b284db1-5113-4ba0-bdf2-1e02b942bb70'
 'ee628408-78b0-4ef9-aa53-013289be4f0d'
 'fa9600b7-81b9-4aaf-aafc-8682aa96f265'
 '672d47ca-35bf-4a7a-819f-56940ff891e8'
 'fc6a3ad8-cf24-4ed4-b8b5-477967ca87dd'
 '80d2ac41-b45f-4a25-84fe-6499454478b1'
 '0de69110-e09b-4d0c-a1a2-3dfe23514219'
 '8a5e3fd9-bbb5-440e-96e1-3ddb6af90019'
 '44f1d287-3f6a-469c-a6e3-ce4325e88198'
 '703831a1-d5eb-4629-8021-d12fbec8e065'
 'f6c461c5-d0c0-420f-a6fd-1037428c3a39'
 '61cd08be-2426-4c1b-b60f-7d5d29f909d9'
 'e7c67856-e1e7-4c0a-8a6f-47e6dce8f1fe'
 '18412f8e-0e0c-4c81-8158-aac024a408f7'
 '969c2df0-6bd3-482e-bdbb-0a8d18ce0267']","['02990fc8-a1a7-4ec9-9d12-ea19e65ee6ef'
 '0dbbd0b5-1e6b-447d-8198-bd38c4e2e4e0'
 '2a14aa98-ff2b-4d0c-9a76-c8ac5448c5e0'
 '337b5316-0cc2-45bc-9e77-d80989e5c0a6'
 '34e20a8c-8899-486c-afa6-f1467d515bfb'
 '39231b35-6ad1-4014-8d4e-d1381b07ce8c'
 '3a9025be-b2d8-4591-ba85-1fd25a4a58d2'
 '3d321738-27c1-4653-be84-05ee7ffbcb8a'
 '46affd44-7f96-4b15-8f53-f1c625306d75'
 '47c46e2f-9e03-4a7a-9f14-90b3f2ee7b5e'
 '4b36de6f-cfa8-479e-b021-a0839a3eefae'
 '4cff1547-4255-4b10-b8ec-2c5d43271cdc'
 '566248fe-36d9-4a5b-ac41-3e78c624fc7b'
 '56bc1599-73d3-461b-b701-52dd7e307041'
 '5a7fff4b-d183-4c43-a344-d1db6c281a26'
 '6d7e9cc8-dd98-4a03-a45e-4ebb19c768ab'
 '745717c3-04bc-4856-90f0-019943e6cf4e'
 '7e82baa0-357c-49a1-b326-14aaf135f4c9'
 '7f955d99-4df9-40cf-87cc-2c070a88db49'
 '81ddbba5-486f-40df-b693-d1e6e46cfad5'
 '82d1a5db-4db4-4a29-b7ba-73ad1004cb75'
 '85406008-f1ce-4d43-b47a-a8bc9b4265f2'
 '8d96df81-a007-4159-bfc9-fe58e0cd084e'
 '9bcc28a7-bb93-405d-9481-1a03b46a1c22'
 '9bd42034-12e7-4afe-ad6f-af6aae270074'
 '9d01822f-37f0-45ad-be1f-9c25aa34566b'
 'aa0aa693-56a7-45f7-ba9d-da4989adb0d1'
 'd8f42ee5-0a7c-42e2-8d54-db566c5e8a47'
 'dabc099b-69c4-4252-b7cf-798175f3ae2d'
 'e6369fde-1f68-40ab-b32d-8fbb9d254057'
 'e7bb780d-82ac-47ad-aa9c-b566bdfd830f'
 'e7f7b5dc-8e55-4dbc-b0c5-d89837d8931e'
 'e87db637-71f3-4134-8a02-954d1e518207'
 'ea650c69-3ce1-4fc8-a075-eb191ac2791f'
 'ec71f566-452c-4675-a68c-be2e339f5247'
 'feb493a8-f3c9-495b-960c-c991f2bb2d19']","['05802f69e17001a506260c74ca400f6a1368fbf0132720e670d13ffd39c31d615ca94e0ffc071332bd317faa48542bde7970720b9f035d496136fc5d6bbb8ca5'
 '06c273ec9919eb4693462fdacebd50536ccdcf47bacc47b2b30c8a69005636b654b4919dc579696a4a7abbde4a00511a66f0c0be040f4ffc907fc316bee009dc'
 '23663988970639bea940978ccbd9150fd292856f2f31a1d587392606a64713d5dfeade66f1beea67d1cc0b0e93012337685e0eca3267f98c1695a466657a8b24'
 '4d221520fe7090409cfa9cda598db30683356c340ab3584a063ffe92486f2fe7225fc056f8b997f085ff0c0f7475828879fa678b7b1709148cb03584b292dab0'
 '50fb8f6506c2271985ee7ffe42523d2eb06abbd85be8ea5021ae2d36d260f6f63d177e59ca2da764eeaeb4a953c841282dbf214859a753f968cb6e6cb86e0c72'
 '6927535991c09031efd0df39ec21591dd3bb460da14c01bc36d343f0078b726ed44d06a0c6bb518236ea61ed8c8b15365630cf185b8012e963898f2e117f7d8a'
 '7ae981575e185e2452d144d541d822b7725e27bc7dda501c9d8495719003ccb89584fe5e1ac83baa67ae4060497ae5e2536fae015a551dc8cdefa9b5aa17289b'
 'd7219f76b31818b7b13bf08dda81003d752e53f7660831d5e201d105d2bc1fc19e8cc49ca6cd21e08570939d7fb3e87b45f0f5feb8575df195e7be8cbd3b6475']",2026-07-26,34
24ff87cd-f2b4-41ae-9537-e0e56ccbce3a,6,6,0,-1,[36 37 38 39],Community 6,"['6f588fa0-b739-4da0-8b84-acfb7bf40dda'
 '00d38e7b-8bbe-4593-9fe9-df5bf6fb7427'
 '982a1eb9-c6d0-4653-8e57-fa8ee9a62567'
 'b7f477a5-f99a-4e28-88a2-f32a15e45722'
 '8323658c-8655-4b34-b6ff-73296494bed4'
 '601025a6-3580-48e4-9a47-07c821fd12a9'
 'ed1cb87b-60e7-4364-bf57-0e0880e86439'
 'a923ad68-ad02-4792-b97d-d647d0f1e3fe'
 '5d5d710a-b665-4c30-b4fb-2413ddd2a4ba'
 'f3bf180d-bc6e-4c49-bbd1-4f2b0e129a20'
 '13a81845-2421-4f71-b95a-861c62fc0e7c'
 '6d4fc930-ca73-427a-80a6-25fc668462a3'
 'c584a548-d342-47e1-a153-4ed23e85e599'
 '361ededd-bcb8-482f-b5af-efe0a30a32f9']","['019059ec-b98f-4eb6-b9c0-1553ffa9ae88'
 '09c3b5eb-6486-4bee-9707-43716993bb67'
 '0afcef2f-001e-4b7c-b66d-0a3ccdb8228e'
 '2a18a496-fc5c-4428-8edb-dab6d564cec6'
 '46b9d825-cdde-4409-bf08-7ff726e91d10'
 '49d3580a-0968-4f63-849e-0fa080c573d7'
 '7bc480be-4ced-4ff1-b1cd-3963f972c131'
 '7cf14351-fd4b-4403-b312-602f1cc08e89'
 '8776af41-9034-4448-8563-1b937407a2b3'
 '9849f4ab-024d-4188-9ee4-089a738b70d5'
 'a557352a-65ec-48d8-a099-8ea67b7ccdb7'
 'cf7c074e-35f4-4a94-a67a-926b09cd8c28'
 'd60205c4-275e-4fa4-874c-699615cba59e'
 'd63e0700-c4d9-40f9-8ca6-be1b2259973b'
 'd9c0ee47-b427-4415-99c4-7aff243ba6f8'
 'd9fa2dfc-2971-4996-8276-d88e7e8a9244'
 'ff307182-5dbe-4740-bca6-c24614d48e58']","['4d221520fe7090409cfa9cda598db30683356c340ab3584a063ffe92486f2fe7225fc056f8b997f085ff0c0f7475828879fa678b7b1709148cb03584b292dab0'
 '6927535991c09031efd0df39ec21591dd3bb460da14c01bc36d343f0078b726ed44d06a0c6bb518236ea61ed8c8b15365630cf185b8012e963898f2e117f7d8a'
 '7ae981575e185e2452d144d541d822b7725e27bc7dda501c9d8495719003ccb89584fe5e1ac83baa67ae4060497ae5e2536fae015a551dc8cdefa9b5aa17289b']",2026-07-26,14
df080313-8d00-40cc-b55f-af434832b77c,7,7,0,-1,[],Community 7,"['5941618c-31ba-4dc7-8ec3-057ae490aabd'
 '41ddcc90-93b5-425e-8769-9ee0f5b37627'
 'eec0f58a-7beb-43f4-b325-ebea68207d85'
 '775fbb13-df2f-43e3-a9af-c410e75acc57'
 'c440bcd3-03d3-4a6d-b1b2-0fd37668d64a'
 'f98b69e0-c302-4ac1-a89d-60415c1ccb42'
 '2590f894-d623-4103-b083-7a08e9ba11fd']","['1eccd143-266e-469a-8809-fe231f112954'
 '200f6fc0-bd4b-48e2-9704-ec170a6a1995'
 '63074855-33ed-47d8-a542-ba44bc28a88f'
 '8a3513f5-0de5-47de-8e75-5e0ab0e79c39'
 'af0d2305-9231-43b0-b8ee-b9eee80c3780'
 'dc984c3b-50ee-4890-a16c-6f69c59d5371']","['50e06bf07ca2ce3a4e0dc0520305a36334e339dc022e32de2a78b62769102078202b01514330a1c4939e30fdb8f4d3884f790c7814b2e95e9bdb0894b3323a4e'
 'dafd7f2f39e49c87969ec1360e9fae0af9de6f290655205c8c120dd24dcc85da04f0536237f7f9529d31deed892d5abae3b8f58fb66ae9e497327f23b1e6b750']",2026-07-26,7
fee0f963-186d-4545-b6ef-1cfe13ada4ff,8,8,0,-1,[40 41 42 43],Community 8,"['f8a2b891-80cf-4a82-9115-71f503f46d34'
 'e60d3aef-ca71-433a-a560-765bd668f416'
 '3f8fbdde-b872-4a1e-b5d9-dd3c12a82852'
 'd710bf65-ed14-45ed-a355-5ad2d45e0ba3'
 'cab943d1-9284-45ba-b57d-202ba53614e9'
 'f417d9bc-1987-4c13-bbcf-63131a33e621'
 '324bc98a-c1cd-408d-814d-a188a97f239d'
 '60b902d0-5de1-49e3-963d-6309e7c19b22'
 'ac7b1ad4-4bb9-4e08-a5ee-7fbd8b9086ae'
 'c7a9c92f-8d21-43f7-a538-a0a1b86191be'
 '72759f8a-493e-4a32-a187-a0bdf56e374b'
 '983cf6d7-534b-4122-b0a7-2f8b4eaedb73'
 '9df37f8d-11d8-4f80-9c4e-e876e50666d1'
 'e9fdb85e-1585-455a-9a39-b867c701d05c'
 'b42346e2-4c1a-4c5d-9514-11540e9c29b3'
 '882a4a6b-fa69-453f-ab3e-0b037cca3c72'
 '95115227-b3ed-486d-9533-6519cc8eb6f4'
 '463395bd-db6d-4ea1-98e1-32f5d6b65df2'
 'd581eb2f-6b18-43dd-a3f7-0d4ca9ce34d2']","['042f5191-40c6-43f5-b37f-e24f7effada6'
 '1125e5ad-a45d-4564-8692-6311fce3c43b'
 '1397425d-84c5-431d-b2e2-03c05181172f'
 '2913f2bd-9348-4928-a39d-2a2d41058c5b'
 '30007bd3-b9df-4bf6-9714-1c3ab3d59093'
 '36a67961-a84d-4a62-9a5e-e88f101882ce'
 '4f1c584a-1ca1-4430-9ac3-a85f682ac2ee'
 '568337f1-1dfe-4bd4-99cf-f8118739f684'
 '5b5603aa-b8ec-47f1-9b5e-2b3607c08679'
 '67d3d853-b7a0-4389-8d24-aa7233c8abf8'
 '6f4beaaf-936e-4bd9-b323-2f8160a7443a'
 '7702e513-8077-496c-8c3b-9c8517b43e20'
 '7ecf6145-9c63-4ffb-b88d-aadfca8dd034'
 '86744b17-c871-44a1-8bfe-828046d0955a'
 '9d3dc35d-b3fc-495e-a504-97d868ca3677'
 'a21a63ca-1f84-4089-845e-c383ee052d43'
 'ac9bf5ce-4b7b-46e6-9988-c00ee758efd5'
 'ad3b1c34-89fd-4d20-ba36-37032db51a71'
 'b45ce5a6-e552-4510-a31c-6bad6a3a93c0'
 'b9b4f631-31e1-4e0f-89d8-3edb03665cfa'
 'd3eb504c-7881-42e1-9c6e-2b63ac0a07b6'
 'e4a9ada6-81b1-47b4-b8de-0613357c5692'
 'e6e67966-8804-40d0-89df-ea994b49db49'
 'eef4b471-d8d8-4461-b5cf-a965df3f2aa2'
 'fbd1a90e-d502-4f62-a5e0-54068251944e']","['23663988970639bea940978ccbd9150fd292856f2f31a1d587392606a64713d5dfeade66f1beea67d1cc0b0e93012337685e0eca3267f98c1695a466657a8b24'
 '2d9fdebd364caf6ea226dc0ee6624e0c2d54fc65848a9cd18f9b868675333d5be302c20a6cbb1b4f9503e536f5051a60a8783cd3657ab2cf1f9daf65be366c76'
 '41bd25afdc1cce74b36dd6db5e44e91354172fda16475ab6a3f6cf99bddc720aa91cb56b5ea1b1c4774c8c97017d6bb03c52ba2676d7cfaab1c73fed8ab82912'
 '6927535991c09031efd0df39ec21591dd3bb460da14c01bc36d343f0078b726ed44d06a0c6bb518236ea61ed8c8b15365630cf185b8012e963898f2e117f7d8a'
 '6a1a5132f360531b1174e0eac2b2c5b6ece3b0771a8037231306baf0af8e8ca23de435f581fc62d6794cab81a5dadf3235b66eda56c331a0043621c688fbe302'
 '7a01190bcf30936758d004f89d7553c62632e91427f92e6420a9e453f2c5d92ab18ae9e62c46bc28aeb398621b28cfd3af89bf2317c887a5eec276b5b7a51052']",2026-07-26,19
43d79948-58b9-4f05-9fe0-f465bcba2ca5,9,9,0,-1,[44 45 46 47],Community 9,"['28ad2239-3425-467c-a5b7-d2d823e3d34d'
 '7a0f9837-8102-44b5-839c-97f2a1f460b3'
 '29b9f68e-3a57-465a-9443-eac266cb5e56'
 '129a69c0-db91-4472-acc5-fd7d7cd5c9b9'
 'e830cc23-3615-4597-a2f0-b1d8ebd4b5fa'
 '7787ba94-ed0b-40e8-9e7f-823e77450b7a'
 'd067e1e8-36a1-4bc4-a11e-3d00a75a2ea5'
 'b267c9a1-ea4e-4228-8d4c-856c5b6bbade'
 '8bcd3e5b-1a45-442f-aeb6-fea29f8f3481'
 'f76d7660-9144-4a96-a2fe-a8286e0cfa21'
 '488d890f-e69c-493e-88a3-b2a7484be7f9'
 'cc0fd647-ce56-4e02-87b6-0088d712014a']","['04ee5f0f-2e1f-4ada-a715-7be714b884b7'
 '40d9861e-8e6e-4170-a2e3-272761708c0a'
 '4424c836-8456-40b2-b635-80be84904010'
 '70f9a492-6b8d-4608-9c29-66878b674631'
 '810eff60-d841-4112-a051-44dafd4eeede'
 '9aa1e3a4-cf24-47c8-b435-5811f65c283b'
 'b5706773-ccff-408d-ac6e-ae1707648f5b'
 'c6e2ad35-bfe3-4f00-ab4e-56c7325ccd15'
 'cb3147e8-c6d2-4b2f-ada4-5113f734abdc'
 'd01e6c58-f5af-470a-9688-566dea5752f1'
 'd9237ddc-4543-4514-9246-f0c2371eba4e']","['05802f69e17001a506260c74ca400f6a1368fbf0132720e670d13ffd39c31d615ca94e0ffc071332bd317faa48542bde7970720b9f035d496136fc5d6bbb8ca5'
 '2d9fdebd364caf6ea226dc0ee6624e0c2d54fc65848a9cd18f9b868675333d5be302c20a6cbb1b4f9503e536f5051a60a8783cd3657ab2cf1f9daf65be366c76'
 '50e06bf07ca2ce3a4e0dc0520305a36334e339dc022e32de2a78b62769102078202b01514330a1c4939e30fdb8f4d3884f790c7814b2e95e9bdb0894b3323a4e'
 'dafd7f2f39e49c87969ec1360e9fae0af9de6f290655205c8c120dd24dcc85da04f0536237f7f9529d31deed892d5abae3b8f58fb66ae9e497327f23b1e6b750'
 'f9e54ba797ff2b80a5f0e5f24e3901236ac4130e4e84d01615e67bc810b290cd5ac7c08f71a782797073050d512eda2695c3659569deba0d4bd5c3ab6195784a']",2026-07-26,12
d7fddd5e-7f05-4c63-b598-224e58bd8fb1,10,10,0,-1,[],Community 10,"['dfc59aae-ef38-4578-b38c-8c4b2a6d971b'
 'fd21d1f9-12d7-4dc9-bea2-89dc9484abd4'
 '2a7462b4-3f1d-4d9e-b799-5c7876faea2b'
 '455fe7b2-8677-43bb-abec-f85ae09021cd'
 'd6521aef-9d18-455e-bcac-37c0e1b502ad'
 'bf338d64-08ef-44ae-8e16-0941454e0000'
 'e0c68e07-d43a-4c92-8481-453aa1de41e3']","['1e393200-7fbb-4b23-b681-91cddc0dad2b'
 '3781a22e-8a7d-4cdd-9065-77c24909ca05'
 '4a54f3f3-5ebf-4b0b-b641-e72e99314d7a'
 '647ea0c2-f773-42da-8ef6-623ec876a12b'
 'aa2d3856-410d-4c4f-8432-530136b58e0d'
 'b0f26733-3837-4a16-8882-1687450462e1']",['9ce049a98570c6bf53cf9e547168db075af2795fa519422bd27a2c9aa5b490c4b26aef25883802c4d8eb6e4dcb09c866e7d31677352f7beb6c4f9fcbbcc75e9b'],2026-07-26,7
aeb73a3c-e28d-441f-986a-42b1b1e64a92,11,11,0,-1,[48 49 50 51],Community 11,"['23a6515e-3ba4-4537-a9be-fb00a3865bc3'
 'c45378e7-ddbb-48f9-94cb-efa5abc0198d'
 '9983cf95-be92-4fe5-afab-1ec698234a7d'
 '80dcc3cb-a2bb-472d-bd67-a1ef7670c60f'
 '0ed00a83-422a-49ce-b30d-9d68c6169c26'
 'cbbf6ee7-07b6-4c92-bfeb-3b4368a8c668'
 '6e53893e-c456-43d2-b47d-8c8973b18bd4'
 '99d1d211-390b-4674-8862-dd289369bf96'
 '54dbbee7-5c6e-420b-94fb-20f4c1c71549'
 'b3a6a5a9-64a7-47a2-aa90-e22262ceb38d'
 '5d28a638-4e65-4d53-b031-e497886cbfdb'
 '39d0aa97-c0ac-4ea0-937e-6bb3e257e570'
 '95e6118d-b585-4318-b772-d1e5f9a01e37'
 '78cce0f1-22c4-4022-95f1-ea9484c7ffb2'
 'c683fdf0-138b-4186-b2e1-f65f67dfa8da'
 'f9ff209c-bc1d-47f8-b1c9-bcd79f578dd7'
 '1dd75043-8552-4aed-b560-718d5d428d21'
 '88273efd-b144-485e-94a0-cc3a4c441dc3'
 '3a4252ad-cf0c-418d-959e-fe46840f73f5'
 'daac567e-d764-42c7-89fc-6c8712156941'
 '0f762183-2a56-41e6-b976-851bfb076576']","['0c8cf181-cbde-4143-b52a-aa05624b0afd'
 '19873b94-ca8d-40d9-a96e-af1c5b4f14e7'
 '1bcc1910-b8ca-49ac-834e-d067b647b265'
 '2adc07ad-c112-4b79-ab19-785d4239a6ef'
 '2e005ab9-24aa-4c73-8920-61aae091935b'
 '4134987e-aeb5-493f-b7a8-c0f6c4c5ef40'
 '5aac92d8-146a-44a9-938d-03b094147549'
 '5f813836-7edf-47db-90b1-5d85d44272f0'
 '750d95eb-b7c4-443a-830b-db8099a35135'
 '9808ff1b-637e-4ec7-9f31-1867f5928e6d'
 'a12a1a79-64ce-4bfb-94c2-081ba13de810'
 'c5320848-caba-4894-8f56-d3e262f20b91'
 'c6cc31b0-0eb3-4c91-b77c-f655bd4fd4c2'
 'cb910013-65c6-4aa0-b1bf-dc877d50cb1e'
 'ccaec5fd-2d4e-4889-b6b9-fcfa94b00363'
 'd15e4b93-1db0-4b1b-bf59-51024d568521'
 'd4f51e7d-5ffd-47e1-b728-d5d396e58a11'
 'da384349-3c76-4ed4-8274-499d271754f7'
 'dfd4d9ee-b5fb-44a5-b015-ae4d0b6f7266'
 'e4eac875-8056-4e8c-a8b9-52d24bd06b02'
 'e9ba34b6-9936-49f3-a10a-7f960625c9fd'
 'f6346de3-c9cb-4ec9-bbbe-5bbe065d778a']","['2d9fdebd364caf6ea226dc0ee6624e0c2d54fc65848a9cd18f9b868675333d5be302c20a6cbb1b4f9503e536f5051a60a8783cd3657ab2cf1f9daf65be366c76'
 '6a1a5132f360531b1174e0eac2b2c5b6ece3b0771a8037231306baf0af8e8ca23de435f581fc62d6794cab81a5dadf3235b66eda56c331a0043621c688fbe302'
 'f9e54ba797ff2b80a5f0e5f24e3901236ac4130e4e84d01615e67bc810b290cd5ac7c08f71a782797073050d512eda2695c3659569deba0d4bd5c3ab6195784a']",2026-07-26,21
ff78fa54-64fa-4884-9eb6-b56f333a7234,12,12,0,-1,[],Community 12,"['4f04dbb8-dbbd-4d06-b4da-223b95c93bc4'
 '56232f0a-2db6-4e0b-8fdf-c4b0ae9a41bb'
 '5ebe365e-d78a-4ae9-8fa6-b4421c0b42b0'
 '67d8fd39-b278-4d87-b7fa-1dd5bfe317e4'
 '043de3a2-16f5-4067-9de4-29a0dd56d78f'
 'f7efeb0b-b847-4a05-8d0e-274577c165e2']","['54ecb8ad-507c-4aa8-8f2e-912cab880433'
 '5b8d1806-e2a4-43b3-8a2b-96d9e2977a57'
 '934f1dd2-e1bd-40b4-ad25-4de503e1c736'
 'ab6d613f-fd40-4453-a2f6-cbff48a67aae'
 'cb28af2e-d024-41a2-b25f-5143e2ae37f5']","['06c273ec9919eb4693462fdacebd50536ccdcf47bacc47b2b30c8a69005636b654b4919dc579696a4a7abbde4a00511a66f0c0be040f4ffc907fc316bee009dc'
 '9ce049a98570c6bf53cf9e547168db075af2795fa519422bd27a2c9aa5b490c4b26aef25883802c4d8eb6e4dcb09c866e7d31677352f7beb6c4f9fcbbcc75e9b']",2026-07-26,6
91735a18-81d8-47f2-80fe-7b03ee202ef8,13,13,0,-1,[],Community 13,"['dc774b2e-a462-4966-9eb4-f8e3348675ae'
 '88066700-821f-4db0-830f-18d456070d78'
 '65aa1ad1-6583-4bcc-a457-4a1efb7aa518'
 '2cae3674-007b-4b8a-927e-e5083db7c7ca'
 '7ab64c56-4384-49c9-a334-46a1e3dd8562'
 'd3f85c3e-9270-4ba9-9116-45718d3bb6a6']","['674c3ed4-3143-4727-a2fc-fb96eb2cd1cb'
 '8706ecbe-26bb-4a99-9c60-697fdf18ca7e'
 '8b5fc316-07ee-4f35-9c64-62ca2c1b47e7'
 '9a41cacc-60de-4362-b6e0-ce13801b3714'
 'c6aae388-3af1-486f-bf0e-068e60f05734']",['dafd7f2f39e49c87969ec1360e9fae0af9de6f290655205c8c120dd24dcc85da04f0536237f7f9529d31deed892d5abae3b8f58fb66ae9e497327f23b1e6b750'],2026-07-26,6
2ab0be16-ccd2-49ba-ba9e-fa9a1f074f14,14,14,0,-1,[],Community 14,"['075de7f2-8124-432f-a0a7-a07798d0bcae'
 '3ddfb9ef-1010-4724-9946-dd996f008cc5'
 'd51cf363-72e2-47ee-a719-98e99305dcd8']","['125c8991-9e5d-4262-8f54-4563ac2cd955'
 'b57ec71c-b644-48fc-8de8-849273055635']",['23663988970639bea940978ccbd9150fd292856f2f31a1d587392606a64713d5dfeade66f1beea67d1cc0b0e93012337685e0eca3267f98c1695a466657a8b24'],2026-07-26,3
9c63bea6-10c7-49ba-b457-bffc934dbca6,15,15,0,-1,[52 53 54 55 56 57 58 59],Community 15,"['05c9af58-ac32-4ec6-b923-358b587e8cae'
 '38171fcc-56d5-484c-9c51-4aae9b9d1d94'
 'a13f19e8-d68e-425a-9cac-cb9242c5211c'
 '5d98eb73-ceab-4542-806d-cd00e855475e'
 '6160f77f-7ed8-4362-8a9f-1effbfe36920'
 'a46ad470-7964-406d-92d2-363593deb5e4'
 '3f5f7325-936f-478a-821f-2970c46a38ac'
 '07676976-39fc-48f1-82cc-6b07a749d168'
 'da267ce2-477d-42e3-a708-318ccd6fd899'
 '6386da48-3d9f-4a2f-80fb-432213a3231b'
 '9146b3ae-f272-4a61-beba-e5b1773d1520'
 '57074cb5-7701-4653-9c7e-184231666a1d'
 'f3bf0409-113a-4a0d-b903-f2410afe6187'
 '653ae6e1-b8f4-4ac9-ad5b-c443382b4508'
 '2e637c15-820a-4a22-b958-eca334e681a6'
 'ae04b564-127d-4a59-96dd-1a4051e71baa'
 'baeae8f7-b787-4ca6-8621-43a4ed79b360'
 'a9947346-0e84-4b96-a7e0-58fc4eff7e1c'
 'b8c52b48-62e0-4ed3-84f2-e92604f576e0'
 'f8566dd0-127d-4cdb-b79a-b9ab18c2dacd'
 'cb36f4c0-2c41-479e-964b-85e57a725ae2'
 '8ee78486-ac26-467b-86e0-b8279c4e9af5'
 '421a245b-e7be-4e9f-a33a-265d5a4160de'
 '13b21160-f43e-47f2-88c5-f3d7072e2733'
 'b7f8b92d-f663-4b5b-a7f4-77870b26524d'
 '6ddcf5f3-744c-4a6c-9483-fef1d828a140'
 '293cbf2c-afe4-4afd-816a-01780655e311'
 'a8a63b56-d88a-4ff6-8c15-8c44603729ef'
 '6486534a-5b4e-49f9-8814-f1064a36a87f'
 '6f2d7b9e-4a9d-4697-8dee-8c93028e957c'
 'f8a6b069-bd80-45ff-ad46-3e77170d42aa'
 '6f6d3545-ea48-48d4-b8f4-11deb32ff025'
 'da4a27be-9987-44cc-a5e7-3ee0c4b71600'
 'a66354f2-ac9c-4287-ba44-91bb57ddc235'
 'a8ef618e-f7ce-49ce-889e-065b83b9017a'
 'd905bb03-0e15-46ab-afe4-84f3e303359a'
 'd4f49b29-193d-46b1-84cb-d90ceaa846f9'
 '7b44b48a-8200-41f7-b8ef-50513fa074e4'
 '2e93c5a1-7fc5-4a00-a945-5e76c0289b99'
 '89813fd3-3341-43f0-b725-f803d1dc45a5'
 '7a7fc49b-7e0c-4323-a24e-a4eed2e28bd1'
 'b58f03ae-50f7-4f95-bdd1-dd2e7dc0bd40'
 '5ca96871-641f-4a6e-be24-5b83d7c1df58'
 'd7627771-6dd5-4fb0-a507-8d257f0c4ae4'
 '9418ec0e-6b5e-4303-a670-1d3f1599c40f'
 '3003c57c-aa85-48af-ad2b-19333a644967'
 '9665d370-cf62-45b4-a063-ee3f332bc2ba'
 '18bb3428-e6fa-4117-be93-b9bb9e016042'
 '6247c16e-35b1-4419-9d20-48ef8ea9d823'
 '07a6e9a7-d59f-483b-abac-50683173189e'
 '50c312c8-ac02-4cc1-bd0e-7bad0f9330dc'
 '54880b96-12bd-4859-bf1a-e0d7a02e0577'
 '9dac3340-62c8-4390-bc10-8ded80c0ddeb'
 'd80845cd-706e-44c4-9eef-bd70537347a7'
 '737a89b6-0592-49cf-9831-a0d5af54190b'
 '9a1dac7a-e7a1-4d7c-98c4-a905ebec48fd'
 'ba4fb8c0-0b3f-4da3-894a-f9c2e39e83a9'
 '12a4db0e-5f65-4987-a7fd-1dc66ff2a7e8'
 '339b1e8c-2143-4a0a-bde3-923e505784c1'
 'bd7b7fd7-4018-4deb-8d8b-b60d30902e07'
 'fe099f51-e5f1-481a-a670-e485e74347c7'
 '9c308663-742a-403f-bc4d-f37f70e10ec1']","['0022a143-9f61-43ed-9593-28cc1c8cda8b'
 '04ca87e5-b5e6-47ba-8d87-db6216f0d7bd'
 '0c794d4d-bbba-40b4-b52f-0a3c2e6e050e'
 '0e9520a4-1787-4ae6-b67f-b65e07792521'
 '14a21026-b09b-43ae-b167-3e8f06481c21'
 '1777a556-16a2-4c57-bddb-56d643ba6e40'
 '180ee07c-82cc-49f1-8e4f-6bb4f65de80f'
 '1820b578-3999-48e2-842d-8be103e42b37'
 '19a7fde2-6889-419e-b224-bab32f97768e'
 '1ae10c01-d556-4217-9de6-02a3cd5851fc'
 '1d62e9ca-92eb-4e54-ae0a-4bb6b0685525'
 '22f158c4-1a6c-4e64-bf1a-786c4219b141'
 '24849e4c-2a08-4488-a50b-c615bf791303'
 '25de4550-50ba-43c7-8f6e-c15c61626309'
 '26c23a4b-47be-47df-88e3-4756953b2332'
 '270b2efe-6e52-44d5-80a8-6fc5af512727'
 '2c7c7511-14d3-4b67-b7f2-3d6e83046d01'
 '2e76f27b-061f-4d18-8dee-fc74a06469fd'
 '2f526ff3-4e27-4a5d-851d-0f8550b089c8'
 '33fba5e3-0c5e-44e4-b0c6-0533fb07dde8'
 '375c857a-5a66-4532-9277-d8a7d6c4183d'
 '38180cbb-d994-4339-acf2-273d4f79c966'
 '3a9a1d29-c2f0-445c-b9fc-212a1b4c23c9'
 '3ba588af-a743-458d-9c69-44d462e13088'
 '4076207c-44d8-4f8c-a19a-1b2f41fb9a29'
 '458e2d5b-316c-4895-91c7-618708ebf7af'
 '49141888-932b-4f98-9fdc-6ac0bf179c8d'
 '4d6ca2cb-eae2-4c56-aed5-4be3bad41e86'
 '53497b19-28bc-446b-8f55-3dc6708beee5'
 '56531be8-d176-4567-a03e-1527e852f180'
 '584c0efe-59c9-4277-be13-b8e295a188ee'
 '596d7bd2-85bc-4e34-a8df-bc6e2cb06e3c'
 '5b129e67-b9de-4a19-8bbf-d5e891500e45'
 '5fda0a6f-e7bb-4d5e-b264-bb0025e50fec'
 '622d2619-15a3-4c1f-94ba-714b10ac8004'
 '64672b7a-9184-4898-8506-194ce7bd9879'
 '6909bfcf-3982-4e5f-990e-51fbb5a79cb9'
 '698c146f-ef83-4e16-85bf-c1ffc812d7d1'
 '71d719f3-f639-4f2c-ac86-17e912830231'
 '72457246-e7b8-4f76-b87c-ce6fbcd28005'
 '74086892-95ba-41ef-af67-7f4a10bfadf2'
 '78386c17-ce06-4ac9-9b9a-fffa45df213e'
 '7920f880-f746-4a7a-a28b-c27283127784'
 '79a96624-525f-45bc-a5f5-3b4eed51e0a2'
 '7cfc2c24-7ec2-427a-8818-481e88b2eb1c'
 '7d4701f9-0af4-4e03-83d1-dd01f31d49e6'
 '7e9083a0-5e07-49a1-96e6-032da03c6d29'
 '889bfb6b-8039-4854-bc3a-d4d93eda36e8'
 '8f136cc5-5fab-48df-95e0-d1adde8690fc'
 '945a5167-4938-440a-bd92-21b12dc32e4f'
 '95b10471-5bd7-405c-852e-453da34f52e9'
 '95fd100a-777b-4916-bae5-031910262e93'
 '9820f182-ac6f-4f76-8d44-de00a3bff65d'
 '994bf7e5-d990-4ff2-9848-2eddb20a3239'
 '9a4486fd-e7cf-4ded-aef7-79d0a37d2eb4'
 '9d5e28c6-4181-4654-bc05-38c74663ffad'
 'a62fb7db-1817-4ddb-b3cc-82aec393a907'
 'ac4c8c59-2994-4d9e-b89c-9f9fd9b5be22'
 'ac4fbefa-961f-4d8d-8047-14a5d0249b84'
 'ae727950-f47e-40e5-9a94-aeb5698ce6db'
 'b4673e4d-d1ff-4873-86f3-2f0323a18524'
 'b823f295-60ae-41f3-b469-5b113445ee92'
 'b9128a72-76cb-4490-9a22-de6fa0f1bece'
 'c7a59c8b-fbcc-4524-999b-9f8c5c435d1f'
 'cacfd893-4a33-4c45-81e5-8794435f9da8'
 'd136e5d8-f40f-4d32-b8d6-8063fd1c75be'
 'd5790650-b670-447c-bf9f-afe81e752fba'
 'd8107068-6800-4bb1-b079-0c5b4c466a2d'
 'd9aa09ec-8cb9-47ff-b433-c9709e766cb0'
 'dca80b2c-64c0-420a-9012-e1117bab51a4'
 'e21710d0-5396-41be-a724-48b523f16803'
 'ebc26e96-410e-4502-a368-33e1a2b78ec1'
 'ee08674e-5945-4406-a544-b9f9b448b196'
 'f0f0380d-e951-484a-88ff-d7124719fcde'
 'f3278739-baae-4168-aa63-2f80d757fdf1'
 'f3d1edaa-065e-4747-9508-3588c9608f27'
 'f4a7079a-3212-477b-b7d3-a3f9788d1c1c'
 'f6cabe1b-f71c-4246-bac3-f2b2c36592fc'
 'f9cbab86-fccc-4e50-8da7-18b7660edf89'
 'fc9dc79a-d096-49c9-b8c3-1e14e447409f'
 'fff6bef2-37ab-47e0-834b-c5526b5c03b9']","['05802f69e17001a506260c74ca400f6a1368fbf0132720e670d13ffd39c31d615ca94e0ffc071332bd317faa48542bde7970720b9f035d496136fc5d6bbb8ca5'
 '06c273ec9919eb4693462fdacebd50536ccdcf47bacc47b2b30c8a69005636b654b4919dc579696a4a7abbde4a00511a66f0c0be040f4ffc907fc316bee009dc'
 '23663988970639bea940978ccbd9150fd292856f2f31a1d587392606a64713d5dfeade66f1beea67d1cc0b0e93012337685e0eca3267f98c1695a466657a8b24'
 '41bd25afdc1cce74b36dd6db5e44e91354172fda16475ab6a3f6cf99bddc720aa91cb56b5ea1b1c4774c8c97017d6bb03c52ba2676d7cfaab1c73fed8ab82912'
 '50e06bf07ca2ce3a4e0dc0520305a36334e339dc022e32de2a78b62769102078202b01514330a1c4939e30fdb8f4d3884f790c7814b2e95e9bdb0894b3323a4e'
 '50fb8f6506c2271985ee7ffe42523d2eb06abbd85be8ea5021ae2d36d260f6f63d177e59ca2da764eeaeb4a953c841282dbf214859a753f968cb6e6cb86e0c72'
 '6a1a5132f360531b1174e0eac2b2c5b6ece3b0771a8037231306baf0af8e8ca23de435f581fc62d6794cab81a5dadf3235b66eda56c331a0043621c688fbe302'
 '7a01190bcf30936758d004f89d7553c62632e91427f92e6420a9e453f2c5d92ab18ae9e62c46bc28aeb398621b28cfd3af89bf2317c887a5eec276b5b7a51052'
 '9ce049a98570c6bf53cf9e547168db075af2795fa519422bd27a2c9aa5b490c4b26aef25883802c4d8eb6e4dcb09c866e7d31677352f7beb6c4f9fcbbcc75e9b'
 'dafd7f2f39e49c87969ec1360e9fae0af9de6f290655205c8c120dd24dcc85da04f0536237f7f9529d31deed892d5abae3b8f58fb66ae9e497327f23b1e6b750'
 'e498566a78d36b3ce13304157993b9b4269045840f1d63663ab07328cc5c6a9ebc15f47c9ae340cbebf706bc8faebd35ccc4f11ae0aa4cb9a223345224329757'
 'f9e54ba797ff2b80a5f0e5f24e3901236ac4130e4e84d01615e67bc810b290cd5ac7c08f71a782797073050d512eda2695c3659569deba0d4bd5c3ab6195784a']",2026-07-26,62
49a528d6-c95e-4f8c-9f45-a9f91ec17391,16,16,1,0,[],Community 16,"['c3251355-9488-4c60-a9ab-6be8c1c1c7ea'
 '164c0e4a-86da-4fd2-98f4-d612bf29682f'
 '1ac7596b-4607-4d4d-87ca-570bf6a4189f'
 'a39d4d09-0bd6-4bf3-9bef-c0a6e2104186'
 '877b9ae6-c07b-4ad1-be1c-49dc19135116'
 'cbd4b3ab-5c7f-42a5-94b9-3740cda402ff']","['6c4ee7ac-61b1-44a9-99dc-8700f339a8ca'
 '9ebf7728-6175-4149-a86e-fd5ed208ad87'
 'c0580fe2-4938-4812-accf-c6524c152034'
 'ce8e866b-e807-4721-b81d-d10d7faa33ae'
 'd1e18a65-61ed-4fdc-9455-41f488365ce2'
 'd9336733-17d9-44a2-8cc8-b37159ca0f7d']","['05802f69e17001a506260c74ca400f6a1368fbf0132720e670d13ffd39c31d615ca94e0ffc071332bd317faa48542bde7970720b9f035d496136fc5d6bbb8ca5'
 '2d9fdebd364caf6ea226dc0ee6624e0c2d54fc65848a9cd18f9b868675333d5be302c20a6cbb1b4f9503e536f5051a60a8783cd3657ab2cf1f9daf65be366c76'
 '50e06bf07ca2ce3a4e0dc0520305a36334e339dc022e32de2a78b62769102078202b01514330a1c4939e30fdb8f4d3884f790c7814b2e95e9bdb0894b3323a4e'
 '6a1a5132f360531b1174e0eac2b2c5b6ece3b0771a8037231306baf0af8e8ca23de435f581fc62d6794cab81a5dadf3235b66eda56c331a0043621c688fbe302']",2026-07-26,6
5fbd4a22-bc34-46ad-b794-02f3ba11761e,17,17,1,0,[],Community 17,"['a904e0ff-8af4-4090-9452-b6ee49f26cb8'
 '7fa0bcf1-518f-4a47-a7a8-eeb5e0526fcd'
 '6632bc2c-5d6c-4625-af1c-dbdecc71797b'
 '5276e254-40c3-482b-8648-64607c42ef56'
 '14648031-eca7-4a8c-811c-0d4e7ddd2082'
 '5868e123-935c-4240-b20d-40843297a74d'
 '5e7a1e49-e9ea-45cc-b869-a39f0bf1e0ec'
 '10266ee4-48ba-40ca-93d5-fdeb0ad3f2f2'
 'dd8ac356-6932-40c7-a6fc-6a74c477c0c5']","['685f5479-026f-4e7b-9a22-76bc93cae728'
 '8858d0af-634e-4602-9563-057451f1481c'
 '891d3e60-993c-4aba-a99a-2c9abeee40d2'
 '8d5121a8-ca9d-45c6-a0a8-fed9eea6aed8'
 'aa4a8c35-ffc8-48fa-b27d-77ef5e571f99'
 'c7a37000-0d1f-4c38-9f52-0c2a3b5ff976'
 'd8e84858-5b03-4b8b-a0b1-fd9858afdf0c'
 'ddab4818-a6d8-4bb0-ae2d-901b48e252d6']","['06c273ec9919eb4693462fdacebd50536ccdcf47bacc47b2b30c8a69005636b654b4919dc579696a4a7abbde4a00511a66f0c0be040f4ffc907fc316bee009dc'
 '41bd25afdc1cce74b36dd6db5e44e91354172fda16475ab6a3f6cf99bddc720aa91cb56b5ea1b1c4774c8c97017d6bb03c52ba2676d7cfaab1c73fed8ab82912'
 '50e06bf07ca2ce3a4e0dc0520305a36334e339dc022e32de2a78b62769102078202b01514330a1c4939e30fdb8f4d3884f790c7814b2e95e9bdb0894b3323a4e'
 '7a01190bcf30936758d004f89d7553c62632e91427f92e6420a9e453f2c5d92ab18ae9e62c46bc28aeb398621b28cfd3af89bf2317c887a5eec276b5b7a51052'
 'f9e54ba797ff2b80a5f0e5f24e3901236ac4130e4e84d01615e67bc810b290cd5ac7c08f71a782797073050d512eda2695c3659569deba0d4bd5c3ab6195784a']",2026-07-26,9
3b7e252c-a8df-46b6-a0e3-01ff7b96eb77,18,18,1,0,[],Community 18,"['387f0e24-f580-4221-8bbc-9ee9ad2fdb1d'
 '822d0b21-2432-4dfc-9d1f-665425d28e8b'
 '26ced26c-8340-414f-804b-d4813f50ece7'
 '1d4b9657-b1cb-4952-a417-bdb299846dd4']","['316e1382-2ca7-477e-9d9f-c5f6bab0b3ba'
 '7bc56a0c-498d-4792-aed4-63b36448e0fa'
 'd3232268-f4b5-4cd2-a3c7-426821f229c8']","['7ae981575e185e2452d144d541d822b7725e27bc7dda501c9d8495719003ccb89584fe5e1ac83baa67ae4060497ae5e2536fae015a551dc8cdefa9b5aa17289b'
 'd7219f76b31818b7b13bf08dda81003d752e53f7660831d5e201d105d2bc1fc19e8cc49ca6cd21e08570939d7fb3e87b45f0f5feb8575df195e7be8cbd3b6475']",2026-07-26,4
60de143d-4b9e-402d-bf17-82c1b95ae6d7,19,19,1,2,[],Community 19,"['266cefa0-e9a7-467f-861d-edd83f4640b8'
 '215397b2-ec8b-42d3-a006-997812e16088'
 '961b803c-a36c-4d38-8bc9-0f9b8292c423'
 '1136bec6-e01b-4dff-b7cf-321d71fab64f']","['19072728-40af-44c0-b252-e5a77905721f'
 '2735f0c9-2568-4701-9b1a-c9a268dd82c9'
 'd9f403be-cc3e-4573-acd6-5f74c1ea4f9c']","['23663988970639bea940978ccbd9150fd292856f2f31a1d587392606a64713d5dfeade66f1beea67d1cc0b0e93012337685e0eca3267f98c1695a466657a8b24'
 'dafd7f2f39e49c87969ec1360e9fae0af9de6f290655205c8c120dd24dcc85da04f0536237f7f9529d31deed892d5abae3b8f58fb66ae9e497327f23b1e6b750'
 'f9e54ba797ff2b80a5f0e5f24e3901236ac4130e4e84d01615e67bc810b290cd5ac7c08f71a782797073050d512eda2695c3659569deba0d4bd5c3ab6195784a']",2026-07-26,4
5d44e681-7ec8-47ae-b7c2-c08b5eb60d6f,20,20,1,2,[],Community 20,"['87671c51-7ba4-4fb4-97a0-6e4dde071aaf'
 '4c416789-833a-48c4-886e-525975c1361a'
 '00ed91d9-25e8-41a4-90a8-8f35ad7e2ab9'
 'b2df2fb1-d9b7-4a6e-a234-d1ccf5af0bfe'
 '1bedc625-e128-4148-a772-ced730e23b39'
 '157b97b9-65fa-4d76-bb2f-8585255f68e1'
 '6099a30e-af06-46fc-b3dd-29dbace11568'
 '7788f717-b622-40bf-ae6f-7f920bd9d011'
 '5a68cbd4-811c-4a96-ae0c-7e3ee03d2079'
 '17cdc3f7-bfdf-4d85-b16a-894cef024f94'
 '8dd972ba-c407-4f17-ab2d-557ed2f3ef78'
 '5affe51f-4d94-412e-9f92-ef97a57ce2d8']","['0c27b0c7-952d-41ee-b07f-d5e0a41280cf'
 '244746e4-8815-4ecf-b4db-31e50b29da1c'
 '415b3c5e-1871-4fd0-b0c0-f3ec79cf2e99'
 '4192936f-5c3a-490f-aa71-0acba1a582fc'
 '4d6d2ba9-da70-4272-b985-9a4109e29f78'
 '52e7af28-d7f1-4bca-b377-0e0378da4cbf'
 '8e78f0b1-7026-4455-97ea-369099fc026c'
 '8f00a61d-6e57-41b6-b61e-03daedd03b05'
 '9628cda9-7a65-44f6-b51d-7b591dbeb58e'
 'c9d77fe2-3a36-45b7-9547-a71d185de199'
 'd83746d9-f673-4b14-95b9-ba6fef0fd6b6']","['41bd25afdc1cce74b36dd6db5e44e91354172fda16475ab6a3f6cf99bddc720aa91cb56b5ea1b1c4774c8c97017d6bb03c52ba2676d7cfaab1c73fed8ab82912'
 'e498566a78d36b3ce13304157993b9b4269045840f1d63663ab07328cc5c6a9ebc15f47c9ae340cbebf706bc8faebd35ccc4f11ae0aa4cb9a223345224329757'
 'f9e54ba797ff2b80a5f0e5f24e3901236ac4130e4e84d01615e67bc810b290cd5ac7c08f71a782797073050d512eda2695c3659569deba0d4bd5c3ab6195784a']",2026-07-26,12
0bb9daf1-8353-45d4-96f6-18251b8f7ea8,21,21,1,2,[],Community 21,"['0d10a81f-a956-41ee-aff5-1afe6357d906'
 'da859794-22ac-4aaa-bcd5-876f6b0c895e']",['0b435199-cc9e-4b42-8ecf-ffc20fc4922d'],['e498566a78d36b3ce13304157993b9b4269045840f1d63663ab07328cc5c6a9ebc15f47c9ae340cbebf706bc8faebd35ccc4f11ae0aa4cb9a223345224329757'],2026-07-26,2
4d8a9c04-90a9-4293-b82b-d17e115c5774,22,22,1,2,[],Community 22,"['b4f74b36-edcb-4bdf-896e-86f95606ab04'
 '806eb2fa-9457-4604-b4ea-844f567603b9']",['55ae061b-29bc-4047-84eb-8f8bb23a9145'],['e498566a78d36b3ce13304157993b9b4269045840f1d63663ab07328cc5c6a9ebc15f47c9ae340cbebf706bc8faebd35ccc4f11ae0aa4cb9a223345224329757'],2026-07-26,2
7d4fce4c-de39-4185-8297-1477ed2a100a,23,23,1,3,[],Community 23,"['54fa733a-a7c0-4381-a636-a9658fa0e87e'
 '8a82e917-71d5-4022-bdde-448374639e51'
 '1eaa4eb6-a4d0-411c-ac9f-27a048c12838']","['077dc73a-13dd-4054-b2f1-5a225ae155d7'
 'e7dcf7af-b1bb-4919-b723-8d04d5e9f9aa']",['7a01190bcf30936758d004f89d7553c62632e91427f92e6420a9e453f2c5d92ab18ae9e62c46bc28aeb398621b28cfd3af89bf2317c887a5eec276b5b7a51052'],2026-07-26,3
48c3e36b-152c-46c5-a252-d6cd9a89ffeb,24,24,1,3,[],Community 24,"['88074642-e56c-4151-a3a7-3faba674981c'
 '1464cae1-a7b9-4f21-a231-9fadd73c01e9'
 '6f703a3b-fcd6-4f1e-af89-256adf6b1f50'
 '6716a2cc-cb40-429e-973a-9dcbde993544']","['78ae91a7-8fac-49fa-a52b-61e5cf27c86e'
 '9d43acea-9ff3-488e-beff-043a5093de33'
 'c9b7a098-089d-4873-91ac-30ffe0729c8c'
 'fa143321-4ecd-4b7c-888b-2ac5d97bc3bb']","['23663988970639bea940978ccbd9150fd292856f2f31a1d587392606a64713d5dfeade66f1beea67d1cc0b0e93012337685e0eca3267f98c1695a466657a8b24'
 '7a01190bcf30936758d004f89d7553c62632e91427f92e6420a9e453f2c5d92ab18ae9e62c46bc28aeb398621b28cfd3af89bf2317c887a5eec276b5b7a51052'
 '9ce049a98570c6bf53cf9e547168db075af2795fa519422bd27a2c9aa5b490c4b26aef25883802c4d8eb6e4dcb09c866e7d31677352f7beb6c4f9fcbbcc75e9b']",2026-07-26,4
e7e0017a-103e-4971-9b10-12a8fa44b4b6,25,25,1,3,[],Community 25,"['f19d5f3d-ba6e-4b4c-835d-7e5a5c76d5ca'
 'fba0d109-c186-4232-8526-e644aed87e0e'
 'b38e2d7e-f4e3-475a-be55-a4331011bae6']","['a1df905d-f4ef-494a-a6c4-76a91ca6c06f'
 'f2d8f4f0-fe78-4faf-8491-8d869b72daf5']",['6a1a5132f360531b1174e0eac2b2c5b6ece3b0771a8037231306baf0af8e8ca23de435f581fc62d6794cab81a5dadf3235b66eda56c331a0043621c688fbe302'],2026-07-26,3
06501ed6-5ee3-46c1-9041-52b1723f71c0,26,26,1,3,[],Community 26,"['b343cef7-f035-475f-83d7-4c66f9d50518'
 '6851d011-b74d-42f8-86bb-6d09fb4653d9']",['0aa2721d-8355-4e44-8d25-a8c03cd69154'],['7a01190bcf30936758d004f89d7553c62632e91427f92e6420a9e453f2c5d92ab18ae9e62c46bc28aeb398621b28cfd3af89bf2317c887a5eec276b5b7a51052'],2026-07-26,2
62e0a975-e429-4287-ad4e-12022caeef44,27,27,1,4,[],Community 27,"['c6d4e772-b49e-41d5-9ea7-0f84b2a805ee'
 '4f437721-6e05-4281-b8f8-9aa8607e363c'
 '16960e50-5ca7-4794-b948-c6ff68a905d2'
 '4561e736-f2a9-49e0-8a0c-3734b1231091'
 'cc883028-0f50-407c-8000-ca1c30d11e17'
 'c9248640-a9bd-4087-81cb-1d8623902111'
 'd25da35b-8779-4ef3-85d8-d12f9bb58615'
 '01e1d43a-09c6-430f-bad7-2e7c39cf05c2']","['0b1bd8a6-5def-4466-82c7-973c62019a02'
 '16a91568-83ea-478d-a826-cd9dbdac528e'
 '1a921a10-cdab-4b21-833a-72049110e533'
 '2d72f58e-a9d3-4cd4-9bc7-e34d517d45d5'
 '921fbe97-1869-456a-854e-9f3fd4a5092c'
 'a0aa2432-7a35-4a85-98b6-decef4e59660'
 'a5beb25b-a445-42e6-916d-ea67453163c4'
 'dc83daff-aee2-41b0-8434-5ebdb6a6face']","['05802f69e17001a506260c74ca400f6a1368fbf0132720e670d13ffd39c31d615ca94e0ffc071332bd317faa48542bde7970720b9f035d496136fc5d6bbb8ca5'
 '6927535991c09031efd0df39ec21591dd3bb460da14c01bc36d343f0078b726ed44d06a0c6bb518236ea61ed8c8b15365630cf185b8012e963898f2e117f7d8a']",2026-07-26,8
e0389326-7a02-49df-a8f8-7710c6d09105,28,28,1,4,[],Community 28,"['65e29d8f-cf08-4e8a-bdec-d0e401b1218e'
 '060e3cbb-684f-4af8-aa21-e3aec06b90ba'
 '7cfc2e3b-9b49-4865-9501-f46d0b780b50'
 '3f361c8e-9fe6-42ad-a363-6ef3eac9a336']","['41e89949-0bc6-4edf-a904-e7038e8a2297'
 '8e9ba404-df81-41a0-a6f9-d250dd7b9ce7'
 'ed28d3bc-6b18-4dc8-9eda-9283b7002d8a']",['6927535991c09031efd0df39ec21591dd3bb460da14c01bc36d343f0078b726ed44d06a0c6bb518236ea61ed8c8b15365630cf185b8012e963898f2e117f7d8a'],2026-07-26,4
2b78b271-7ead-4947-8c53-c858394d274b,29,29,1,5,[60 61],Community 29,"['cb0a1b84-f9a3-4404-9807-afa3d1e6c3af'
 '586a360f-3504-41cd-ba78-3677e4822763'
 '6577fac6-a810-4c02-a95e-f51a14877d5e'
 '565f8c34-532e-4edf-9043-5584199aacdc'
 '20d09d66-a59c-4b76-8145-28e85268c331'
 '989f5ee5-4f8f-45bb-ae0c-fed8e87f1dbc'
 '8a7a07f7-e526-4c84-8dcc-ff6f50a8e68f'
 'ff60fe4d-c32a-40ad-9471-59abb741bb84'
 'ee628408-78b0-4ef9-aa53-013289be4f0d'
 'fa9600b7-81b9-4aaf-aafc-8682aa96f265'
 '672d47ca-35bf-4a7a-819f-56940ff891e8'
 '18412f8e-0e0c-4c81-8158-aac024a408f7'
 '969c2df0-6bd3-482e-bdbb-0a8d18ce0267']","['02990fc8-a1a7-4ec9-9d12-ea19e65ee6ef'
 '2a14aa98-ff2b-4d0c-9a76-c8ac5448c5e0'
 '39231b35-6ad1-4014-8d4e-d1381b07ce8c'
 '3a9025be-b2d8-4591-ba85-1fd25a4a58d2'
 '3d321738-27c1-4653-be84-05ee7ffbcb8a'
 '6d7e9cc8-dd98-4a03-a45e-4ebb19c768ab'
 '7e82baa0-357c-49a1-b326-14aaf135f4c9'
 '82d1a5db-4db4-4a29-b7ba-73ad1004cb75'
 '85406008-f1ce-4d43-b47a-a8bc9b4265f2'
 '9bcc28a7-bb93-405d-9481-1a03b46a1c22'
 '9bd42034-12e7-4afe-ad6f-af6aae270074'
 '9d01822f-37f0-45ad-be1f-9c25aa34566b'
 'e87db637-71f3-4134-8a02-954d1e518207']","['23663988970639bea940978ccbd9150fd292856f2f31a1d587392606a64713d5dfeade66f1beea67d1cc0b0e93012337685e0eca3267f98c1695a466657a8b24'
 '4d221520fe7090409cfa9cda598db30683356c340ab3584a063ffe92486f2fe7225fc056f8b997f085ff0c0f7475828879fa678b7b1709148cb03584b292dab0'
 '7ae981575e185e2452d144d541d822b7725e27bc7dda501c9d8495719003ccb89584fe5e1ac83baa67ae4060497ae5e2536fae015a551dc8cdefa9b5aa17289b'
 'd7219f76b31818b7b13bf08dda81003d752e53f7660831d5e201d105d2bc1fc19e8cc49ca6cd21e08570939d7fb3e87b45f0f5feb8575df195e7be8cbd3b6475']",2026-07-26,13
849915a9-32b6-4f20-b1e7-28ed3ae18303,30,30,1,5,[],Community 30,"['0de69110-e09b-4d0c-a1a2-3dfe23514219'
 '8a5e3fd9-bbb5-440e-96e1-3ddb6af90019']",['e6369fde-1f68-40ab-b32d-8fbb9d254057'],['4d221520fe7090409cfa9cda598db30683356c340ab3584a063ffe92486f2fe7225fc056f8b997f085ff0c0f7475828879fa678b7b1709148cb03584b292dab0'],2026-07-26,2
a73d7025-407b-4fc3-b0e1-43dbbed4cc61,31,31,1,5,[],Community 31,"['a2dbb130-3ace-4ef7-8bc8-06236f2950ee'
 '01f0167c-f3e4-4412-ae8d-2810abe5f68f'
 '9751fdbc-8bd3-4e71-938c-e3b3b8811042'
 'e7c67856-e1e7-4c0a-8a6f-47e6dce8f1fe'
 'f6c461c5-d0c0-420f-a6fd-1037428c3a39']","['337b5316-0cc2-45bc-9e77-d80989e5c0a6'
 'd8f42ee5-0a7c-42e2-8d54-db566c5e8a47'
 'e7bb780d-82ac-47ad-aa9c-b566bdfd830f'
 'e7f7b5dc-8e55-4dbc-b0c5-d89837d8931e']","['06c273ec9919eb4693462fdacebd50536ccdcf47bacc47b2b30c8a69005636b654b4919dc579696a4a7abbde4a00511a66f0c0be040f4ffc907fc316bee009dc'
 '23663988970639bea940978ccbd9150fd292856f2f31a1d587392606a64713d5dfeade66f1beea67d1cc0b0e93012337685e0eca3267f98c1695a466657a8b24']",2026-07-26,5
cbfdca60-b913-4267-b156-7c2cde9a1599,32,32,1,5,[],Community 32,"['e8eb98fb-94d0-4fa6-bd04-bfdd1d5f08b3'
 'f19f27a8-3562-4fd1-88dc-b1b1ac00bd6f'
 '0acd98a6-ad03-4d6c-b1de-9104f4fb1343'
 'bee1540d-07a2-48d9-ad27-d8a787a20485'
 '6bd6fd38-1878-4bbc-b46d-3f110e3ad089'
 '61cd08be-2426-4c1b-b60f-7d5d29f909d9']","['0dbbd0b5-1e6b-447d-8198-bd38c4e2e4e0'
 '56bc1599-73d3-461b-b701-52dd7e307041'
 '8d96df81-a007-4159-bfc9-fe58e0cd084e'
 'aa0aa693-56a7-45f7-ba9d-da4989adb0d1'
 'feb493a8-f3c9-495b-960c-c991f2bb2d19']","['05802f69e17001a506260c74ca400f6a1368fbf0132720e670d13ffd39c31d615ca94e0ffc071332bd317faa48542bde7970720b9f035d496136fc5d6bbb8ca5'
 '4d221520fe7090409cfa9cda598db30683356c340ab3584a063ffe92486f2fe7225fc056f8b997f085ff0c0f7475828879fa678b7b1709148cb03584b292dab0'
 '6927535991c09031efd0df39ec21591dd3bb460da14c01bc36d343f0078b726ed44d06a0c6bb518236ea61ed8c8b15365630cf185b8012e963898f2e117f7d8a']",2026-07-26,6
87fe3194-08dc-477c-8370-83b9a40d941a,33,33,1,5,[],Community 33,"['37e2bb35-a727-40e3-b466-b12998e333aa'
 'c579a318-d4d8-48b0-a35d-59fb0ca93bf4'
 '6b284db1-5113-4ba0-bdf2-1e02b942bb70'
 '9b15ab50-e67c-46c6-967c-1b7ccfdf7e83']","['4b36de6f-cfa8-479e-b021-a0839a3eefae'
 '7f955d99-4df9-40cf-87cc-2c070a88db49'
 'ec71f566-452c-4675-a68c-be2e339f5247']","['50fb8f6506c2271985ee7ffe42523d2eb06abbd85be8ea5021ae2d36d260f6f63d177e59ca2da764eeaeb4a953c841282dbf214859a753f968cb6e6cb86e0c72'
 'd7219f76b31818b7b13bf08dda81003d752e53f7660831d5e201d105d2bc1fc19e8cc49ca6cd21e08570939d7fb3e87b45f0f5feb8575df195e7be8cbd3b6475']",2026-07-26,4
6c2582e6-39cb-4680-a4b6-b5eb417d5d46,34,34,1,5,[],Community 34,"['fc6a3ad8-cf24-4ed4-b8b5-477967ca87dd'
 '80d2ac41-b45f-4a25-84fe-6499454478b1']",['47c46e2f-9e03-4a7a-9f14-90b3f2ee7b5e'],['4d221520fe7090409cfa9cda598db30683356c340ab3584a063ffe92486f2fe7225fc056f8b997f085ff0c0f7475828879fa678b7b1709148cb03584b292dab0'],2026-07-26,2
c1c575f7-920b-4fc3-b067-a7afb9d3cd36,35,35,1,5,[],Community 35,"['44f1d287-3f6a-469c-a6e3-ce4325e88198'
 '703831a1-d5eb-4629-8021-d12fbec8e065']",['dabc099b-69c4-4252-b7cf-798175f3ae2d'],['23663988970639bea940978ccbd9150fd292856f2f31a1d587392606a64713d5dfeade66f1beea67d1cc0b0e93012337685e0eca3267f98c1695a466657a8b24'],2026-07-26,2
e28ea165-6d06-4260-8ca1-2757b7717906,36,36,1,6,[],Community 36,"['6f588fa0-b739-4da0-8b84-acfb7bf40dda'
 '00d38e7b-8bbe-4593-9fe9-df5bf6fb7427'
 '361ededd-bcb8-482f-b5af-efe0a30a32f9'
 'c584a548-d342-47e1-a153-4ed23e85e599']","['09c3b5eb-6486-4bee-9707-43716993bb67'
 'd63e0700-c4d9-40f9-8ca6-be1b2259973b'
 'd9fa2dfc-2971-4996-8276-d88e7e8a9244']","['6927535991c09031efd0df39ec21591dd3bb460da14c01bc36d343f0078b726ed44d06a0c6bb518236ea61ed8c8b15365630cf185b8012e963898f2e117f7d8a'
 '7ae981575e185e2452d144d541d822b7725e27bc7dda501c9d8495719003ccb89584fe5e1ac83baa67ae4060497ae5e2536fae015a551dc8cdefa9b5aa17289b']",2026-07-26,4
57dda0ca-5759-4b6e-89b3-1327f3644196,37,37,1,6,[],Community 37,"['982a1eb9-c6d0-4653-8e57-fa8ee9a62567'
 'b7f477a5-f99a-4e28-88a2-f32a15e45722'
 '8323658c-8655-4b34-b6ff-73296494bed4'
 '601025a6-3580-48e4-9a47-07c821fd12a9']","['7cf14351-fd4b-4403-b312-602f1cc08e89'
 '8776af41-9034-4448-8563-1b937407a2b3'
 '9849f4ab-024d-4188-9ee4-089a738b70d5']",['6927535991c09031efd0df39ec21591dd3bb460da14c01bc36d343f0078b726ed44d06a0c6bb518236ea61ed8c8b15365630cf185b8012e963898f2e117f7d8a'],2026-07-26,4
c2bfe175-9fc1-4ff6-8e0d-4c5ae9b30c7e,38,38,1,6,[],Community 38,"['ed1cb87b-60e7-4364-bf57-0e0880e86439'
 'a923ad68-ad02-4792-b97d-d647d0f1e3fe'
 '13a81845-2421-4f71-b95a-861c62fc0e7c'
 '6d4fc930-ca73-427a-80a6-25fc668462a3']","['019059ec-b98f-4eb6-b9c0-1553ffa9ae88'
 '49d3580a-0968-4f63-849e-0fa080c573d7'
 '7bc480be-4ced-4ff1-b1cd-3963f972c131'
 'cf7c074e-35f4-4a94-a67a-926b09cd8c28'
 'd60205c4-275e-4fa4-874c-699615cba59e'
 'ff307182-5dbe-4740-bca6-c24614d48e58']","['4d221520fe7090409cfa9cda598db30683356c340ab3584a063ffe92486f2fe7225fc056f8b997f085ff0c0f7475828879fa678b7b1709148cb03584b292dab0'
 '6927535991c09031efd0df39ec21591dd3bb460da14c01bc36d343f0078b726ed44d06a0c6bb518236ea61ed8c8b15365630cf185b8012e963898f2e117f7d8a']",2026-07-26,4
c0bd1c8b-41db-45f5-98bc-2a47bd506831,39,39,1,6,[],Community 39,"['f3bf180d-bc6e-4c49-bbd1-4f2b0e129a20'
 '5d5d710a-b665-4c30-b4fb-2413ddd2a4ba']",['46b9d825-cdde-4409-bf08-7ff726e91d10'],['6927535991c09031efd0df39ec21591dd3bb460da14c01bc36d343f0078b726ed44d06a0c6bb518236ea61ed8c8b15365630cf185b8012e963898f2e117f7d8a'],2026-07-26,2
0ec47147-4f39-49b7-88d9-db62e2978a14,40,40,1,8,[],Community 40,"['f8a2b891-80cf-4a82-9115-71f503f46d34'
 '3f8fbdde-b872-4a1e-b5d9-dd3c12a82852'
 'd710bf65-ed14-45ed-a355-5ad2d45e0ba3'
 '9df37f8d-11d8-4f80-9c4e-e876e50666d1'
 '95115227-b3ed-486d-9533-6519cc8eb6f4']","['30007bd3-b9df-4bf6-9714-1c3ab3d59093'
 '67d3d853-b7a0-4389-8d24-aa7233c8abf8'
 '7702e513-8077-496c-8c3b-9c8517b43e20'
 'fbd1a90e-d502-4f62-a5e0-54068251944e']","['6927535991c09031efd0df39ec21591dd3bb460da14c01bc36d343f0078b726ed44d06a0c6bb518236ea61ed8c8b15365630cf185b8012e963898f2e117f7d8a'
 '6a1a5132f360531b1174e0eac2b2c5b6ece3b0771a8037231306baf0af8e8ca23de435f581fc62d6794cab81a5dadf3235b66eda56c331a0043621c688fbe302'
 '7a01190bcf30936758d004f89d7553c62632e91427f92e6420a9e453f2c5d92ab18ae9e62c46bc28aeb398621b28cfd3af89bf2317c887a5eec276b5b7a51052']",2026-07-26,5
0b7aa17a-e426-4813-bd67-56bfba7f5707,41,41,1,8,[],Community 41,"['cab943d1-9284-45ba-b57d-202ba53614e9'
 '324bc98a-c1cd-408d-814d-a188a97f239d'
 'f417d9bc-1987-4c13-bbcf-63131a33e621'
 '72759f8a-493e-4a32-a187-a0bdf56e374b']","['1397425d-84c5-431d-b2e2-03c05181172f'
 '2913f2bd-9348-4928-a39d-2a2d41058c5b'
 '5b5603aa-b8ec-47f1-9b5e-2b3607c08679'
 'a21a63ca-1f84-4089-845e-c383ee052d43'
 'b45ce5a6-e552-4510-a31c-6bad6a3a93c0']","['41bd25afdc1cce74b36dd6db5e44e91354172fda16475ab6a3f6cf99bddc720aa91cb56b5ea1b1c4774c8c97017d6bb03c52ba2676d7cfaab1c73fed8ab82912'
 '6a1a5132f360531b1174e0eac2b2c5b6ece3b0771a8037231306baf0af8e8ca23de435f581fc62d6794cab81a5dadf3235b66eda56c331a0043621c688fbe302']",2026-07-26,4
e8897edc-069a-405b-9e9b-6aceef7a039d,42,42,1,8,[],Community 42,"['c7a9c92f-8d21-43f7-a538-a0a1b86191be'
 'e9fdb85e-1585-455a-9a39-b867c701d05c'
 'd581eb2f-6b18-43dd-a3f7-0d4ca9ce34d2']","['1125e5ad-a45d-4564-8692-6311fce3c43b'
 'ac9bf5ce-4b7b-46e6-9988-c00ee758efd5']",['2d9fdebd364caf6ea226dc0ee6624e0c2d54fc65848a9cd18f9b868675333d5be302c20a6cbb1b4f9503e536f5051a60a8783cd3657ab2cf1f9daf65be366c76'],2026-07-26,3
dd71b0db-bf6b-46b7-8d60-636f84c356b9,43,43,1,8,[],Community 43,"['e60d3aef-ca71-433a-a560-765bd668f416'
 '60b902d0-5de1-49e3-963d-6309e7c19b22'
 'ac7b1ad4-4bb9-4e08-a5ee-7fbd8b9086ae'
 '983cf6d7-534b-4122-b0a7-2f8b4eaedb73'
 '882a4a6b-fa69-453f-ab3e-0b037cca3c72'
 '463395bd-db6d-4ea1-98e1-32f5d6b65df2'
 'b42346e2-4c1a-4c5d-9514-11540e9c29b3']","['042f5191-40c6-43f5-b37f-e24f7effada6'
 '36a67961-a84d-4a62-9a5e-e88f101882ce'
 '6f4beaaf-936e-4bd9-b323-2f8160a7443a'
 '86744b17-c871-44a1-8bfe-828046d0955a'
 '9d3dc35d-b3fc-495e-a504-97d868ca3677'
 'd3eb504c-7881-42e1-9c6e-2b63ac0a07b6'
 'eef4b471-d8d8-4461-b5cf-a965df3f2aa2']","['23663988970639bea940978ccbd9150fd292856f2f31a1d587392606a64713d5dfeade66f1beea67d1cc0b0e93012337685e0eca3267f98c1695a466657a8b24'
 '6927535991c09031efd0df39ec21591dd3bb460da14c01bc36d343f0078b726ed44d06a0c6bb518236ea61ed8c8b15365630cf185b8012e963898f2e117f7d8a']",2026-07-26,7
d601751a-2fd9-4b0c-a931-0c022453a2ce,44,44,1,9,[],Community 44,"['28ad2239-3425-467c-a5b7-d2d823e3d34d'
 'b267c9a1-ea4e-4228-8d4c-856c5b6bbade'
 '8bcd3e5b-1a45-442f-aeb6-fea29f8f3481'
 'f76d7660-9144-4a96-a2fe-a8286e0cfa21']","['04ee5f0f-2e1f-4ada-a715-7be714b884b7'
 '4424c836-8456-40b2-b635-80be84904010'
 '9aa1e3a4-cf24-47c8-b435-5811f65c283b']","['05802f69e17001a506260c74ca400f6a1368fbf0132720e670d13ffd39c31d615ca94e0ffc071332bd317faa48542bde7970720b9f035d496136fc5d6bbb8ca5'
 'f9e54ba797ff2b80a5f0e5f24e3901236ac4130e4e84d01615e67bc810b290cd5ac7c08f71a782797073050d512eda2695c3659569deba0d4bd5c3ab6195784a']",2026-07-26,4
afe77e59-9726-41ee-9ea3-4fc8da2ef662,45,45,1,9,[],Community 45,"['d067e1e8-36a1-4bc4-a11e-3d00a75a2ea5'
 '488d890f-e69c-493e-88a3-b2a7484be7f9']",['d9237ddc-4543-4514-9246-f0c2371eba4e'],['2d9fdebd364caf6ea226dc0ee6624e0c2d54fc65848a9cd18f9b868675333d5be302c20a6cbb1b4f9503e536f5051a60a8783cd3657ab2cf1f9daf65be366c76'],2026-07-26,2
ab59e1b5-7ed4-40fb-ba37-2c7e8593aa03,46,46,1,9,[],Community 46,"['7787ba94-ed0b-40e8-9e7f-823e77450b7a'
 '7a0f9837-8102-44b5-839c-97f2a1f460b3']",['cb3147e8-c6d2-4b2f-ada4-5113f734abdc'],['dafd7f2f39e49c87969ec1360e9fae0af9de6f290655205c8c120dd24dcc85da04f0536237f7f9529d31deed892d5abae3b8f58fb66ae9e497327f23b1e6b750'],2026-07-26,2
dbc1ece3-a90c-4504-a3de-476dde6fce94,47,47,1,9,[],Community 47,"['29b9f68e-3a57-465a-9443-eac266cb5e56'
 '129a69c0-db91-4472-acc5-fd7d7cd5c9b9'
 'e830cc23-3615-4597-a2f0-b1d8ebd4b5fa'
 'cc0fd647-ce56-4e02-87b6-0088d712014a']","['810eff60-d841-4112-a051-44dafd4eeede'
 'b5706773-ccff-408d-ac6e-ae1707648f5b'
 'd01e6c58-f5af-470a-9688-566dea5752f1']","['50e06bf07ca2ce3a4e0dc0520305a36334e339dc022e32de2a78b62769102078202b01514330a1c4939e30fdb8f4d3884f790c7814b2e95e9bdb0894b3323a4e'
 'dafd7f2f39e49c87969ec1360e9fae0af9de6f290655205c8c120dd24dcc85da04f0536237f7f9529d31deed892d5abae3b8f58fb66ae9e497327f23b1e6b750']",2026-07-26,4
ea072811-651c-4e92-b004-65409b876624,48,48,1,11,[],Community 48,"['23a6515e-3ba4-4537-a9be-fb00a3865bc3'
 'c45378e7-ddbb-48f9-94cb-efa5abc0198d'
 'cbbf6ee7-07b6-4c92-bfeb-3b4368a8c668'
 '6e53893e-c456-43d2-b47d-8c8973b18bd4'
 '39d0aa97-c0ac-4ea0-937e-6bb3e257e570']","['2adc07ad-c112-4b79-ab19-785d4239a6ef'
 'd4f51e7d-5ffd-47e1-b728-d5d396e58a11'
 'dfd4d9ee-b5fb-44a5-b015-ae4d0b6f7266'
 'e4eac875-8056-4e8c-a8b9-52d24bd06b02']",['2d9fdebd364caf6ea226dc0ee6624e0c2d54fc65848a9cd18f9b868675333d5be302c20a6cbb1b4f9503e536f5051a60a8783cd3657ab2cf1f9daf65be366c76'],2026-07-26,5
5847e3c7-2df8-4cd7-89f7-0cbc19ada477,49,49,1,11,[],Community 49,"['5d28a638-4e65-4d53-b031-e497886cbfdb'
 'b3a6a5a9-64a7-47a2-aa90-e22262ceb38d'
 'c683fdf0-138b-4186-b2e1-f65f67dfa8da'
 'f9ff209c-bc1d-47f8-b1c9-bcd79f578dd7'
 'daac567e-d764-42c7-89fc-6c8712156941']","['5f813836-7edf-47db-90b1-5d85d44272f0'
 'a12a1a79-64ce-4bfb-94c2-081ba13de810'
 'd15e4b93-1db0-4b1b-bf59-51024d568521'
 'f6346de3-c9cb-4ec9-bbbe-5bbe065d778a']",['6a1a5132f360531b1174e0eac2b2c5b6ece3b0771a8037231306baf0af8e8ca23de435f581fc62d6794cab81a5dadf3235b66eda56c331a0043621c688fbe302'],2026-07-26,5
14e0e49a-ce2f-4414-b398-6780ba965a15,50,50,1,11,[],Community 50,"['9983cf95-be92-4fe5-afab-1ec698234a7d'
 '0ed00a83-422a-49ce-b30d-9d68c6169c26'
 '99d1d211-390b-4674-8862-dd289369bf96'
 '95e6118d-b585-4318-b772-d1e5f9a01e37'
 '78cce0f1-22c4-4022-95f1-ea9484c7ffb2'
 '1dd75043-8552-4aed-b560-718d5d428d21'
 '88273efd-b144-485e-94a0-cc3a4c441dc3'
 '3a4252ad-cf0c-418d-959e-fe46840f73f5'
 '54dbbee7-5c6e-420b-94fb-20f4c1c71549']","['0c8cf181-cbde-4143-b52a-aa05624b0afd'
 '19873b94-ca8d-40d9-a96e-af1c5b4f14e7'
 '1bcc1910-b8ca-49ac-834e-d067b647b265'
 '4134987e-aeb5-493f-b7a8-c0f6c4c5ef40'
 '750d95eb-b7c4-443a-830b-db8099a35135'
 'c6cc31b0-0eb3-4c91-b77c-f655bd4fd4c2'
 'cb910013-65c6-4aa0-b1bf-dc877d50cb1e'
 'da384349-3c76-4ed4-8274-499d271754f7'
 'e9ba34b6-9936-49f3-a10a-7f960625c9fd']","['2d9fdebd364caf6ea226dc0ee6624e0c2d54fc65848a9cd18f9b868675333d5be302c20a6cbb1b4f9503e536f5051a60a8783cd3657ab2cf1f9daf65be366c76'
 'f9e54ba797ff2b80a5f0e5f24e3901236ac4130e4e84d01615e67bc810b290cd5ac7c08f71a782797073050d512eda2695c3659569deba0d4bd5c3ab6195784a']",2026-07-26,9
04903de9-816a-45d8-8892-10ce8ac63d15,51,51,1,11,[],Community 51,"['80dcc3cb-a2bb-472d-bd67-a1ef7670c60f'
 '0f762183-2a56-41e6-b976-851bfb076576']",['5aac92d8-146a-44a9-938d-03b094147549'],['2d9fdebd364caf6ea226dc0ee6624e0c2d54fc65848a9cd18f9b868675333d5be302c20a6cbb1b4f9503e536f5051a60a8783cd3657ab2cf1f9daf65be366c76'],2026-07-26,2
adbad415-b4ca-4921-875c-54a74fc50ba4,52,52,1,15,[],Community 52,"['05c9af58-ac32-4ec6-b923-358b587e8cae'
 '38171fcc-56d5-484c-9c51-4aae9b9d1d94'
 'a13f19e8-d68e-425a-9cac-cb9242c5211c'
 '3f5f7325-936f-478a-821f-2970c46a38ac'
 '07676976-39fc-48f1-82cc-6b07a749d168'
 'da267ce2-477d-42e3-a708-318ccd6fd899'
 'b8c52b48-62e0-4ed3-84f2-e92604f576e0'
 '421a245b-e7be-4e9f-a33a-265d5a4160de'
 '6ddcf5f3-744c-4a6c-9483-fef1d828a140'
 '6f2d7b9e-4a9d-4697-8dee-8c93028e957c'
 'da4a27be-9987-44cc-a5e7-3ee0c4b71600'
 'a66354f2-ac9c-4287-ba44-91bb57ddc235'
 'a8ef618e-f7ce-49ce-889e-065b83b9017a'
 'd905bb03-0e15-46ab-afe4-84f3e303359a'
 'd4f49b29-193d-46b1-84cb-d90ceaa846f9'
 '7b44b48a-8200-41f7-b8ef-50513fa074e4'
 '2e93c5a1-7fc5-4a00-a945-5e76c0289b99'
 '89813fd3-3341-43f0-b725-f803d1dc45a5'
 '7a7fc49b-7e0c-4323-a24e-a4eed2e28bd1'
 'b58f03ae-50f7-4f95-bdd1-dd2e7dc0bd40'
 '5ca96871-641f-4a6e-be24-5b83d7c1df58'
 '9418ec0e-6b5e-4303-a670-1d3f1599c40f'
 '3003c57c-aa85-48af-ad2b-19333a644967'
 '9665d370-cf62-45b4-a063-ee3f332bc2ba'
 '18bb3428-e6fa-4117-be93-b9bb9e016042'
 '50c312c8-ac02-4cc1-bd0e-7bad0f9330dc'
 '54880b96-12bd-4859-bf1a-e0d7a02e0577'
 '9dac3340-62c8-4390-bc10-8ded80c0ddeb'
 'ba4fb8c0-0b3f-4da3-894a-f9c2e39e83a9'
 '12a4db0e-5f65-4987-a7fd-1dc66ff2a7e8'
 '339b1e8c-2143-4a0a-bde3-923e505784c1'
 'fe099f51-e5f1-481a-a670-e485e74347c7'
 '9c308663-742a-403f-bc4d-f37f70e10ec1'
 '5d98eb73-ceab-4542-806d-cd00e855475e']","['04ca87e5-b5e6-47ba-8d87-db6216f0d7bd'
 '0c794d4d-bbba-40b4-b52f-0a3c2e6e050e'
 '0e9520a4-1787-4ae6-b67f-b65e07792521'
 '1820b578-3999-48e2-842d-8be103e42b37'
 '24849e4c-2a08-4488-a50b-c615bf791303'
 '25de4550-50ba-43c7-8f6e-c15c61626309'
 '26c23a4b-47be-47df-88e3-4756953b2332'
 '2c7c7511-14d3-4b67-b7f2-3d6e83046d01'
 '2f526ff3-4e27-4a5d-851d-0f8550b089c8'
 '375c857a-5a66-4532-9277-d8a7d6c4183d'
 '38180cbb-d994-4339-acf2-273d4f79c966'
 '3a9a1d29-c2f0-445c-b9fc-212a1b4c23c9'
 '49141888-932b-4f98-9fdc-6ac0bf179c8d'
 '4d6ca2cb-eae2-4c56-aed5-4be3bad41e86'
 '53497b19-28bc-446b-8f55-3dc6708beee5'
 '56531be8-d176-4567-a03e-1527e852f180'
 '596d7bd2-85bc-4e34-a8df-bc6e2cb06e3c'
 '72457246-e7b8-4f76-b87c-ce6fbcd28005'
 '7e9083a0-5e07-49a1-96e6-032da03c6d29'
 '95fd100a-777b-4916-bae5-031910262e93'
 '994bf7e5-d990-4ff2-9848-2eddb20a3239'
 '9a4486fd-e7cf-4ded-aef7-79d0a37d2eb4'
 '9d5e28c6-4181-4654-bc05-38c74663ffad'
 'a62fb7db-1817-4ddb-b3cc-82aec393a907'
 'ac4c8c59-2994-4d9e-b89c-9f9fd9b5be22'
 'ae727950-f47e-40e5-9a94-aeb5698ce6db'
 'b9128a72-76cb-4490-9a22-de6fa0f1bece'
 'd9aa09ec-8cb9-47ff-b433-c9709e766cb0'
 'e21710d0-5396-41be-a724-48b523f16803'
 'f0f0380d-e951-484a-88ff-d7124719fcde'
 'f3278739-baae-4168-aa63-2f80d757fdf1'
 'f3d1edaa-065e-4747-9508-3588c9608f27'
 'f4a7079a-3212-477b-b7d3-a3f9788d1c1c'
 'f9cbab86-fccc-4e50-8da7-18b7660edf89']","['05802f69e17001a506260c74ca400f6a1368fbf0132720e670d13ffd39c31d615ca94e0ffc071332bd317faa48542bde7970720b9f035d496136fc5d6bbb8ca5'
 '06c273ec9919eb4693462fdacebd50536ccdcf47bacc47b2b30c8a69005636b654b4919dc579696a4a7abbde4a00511a66f0c0be040f4ffc907fc316bee009dc'
 '41bd25afdc1cce74b36dd6db5e44e91354172fda16475ab6a3f6cf99bddc720aa91cb56b5ea1b1c4774c8c97017d6bb03c52ba2676d7cfaab1c73fed8ab82912'
 '50e06bf07ca2ce3a4e0dc0520305a36334e339dc022e32de2a78b62769102078202b01514330a1c4939e30fdb8f4d3884f790c7814b2e95e9bdb0894b3323a4e'
 '50fb8f6506c2271985ee7ffe42523d2eb06abbd85be8ea5021ae2d36d260f6f63d177e59ca2da764eeaeb4a953c841282dbf214859a753f968cb6e6cb86e0c72'
 '6a1a5132f360531b1174e0eac2b2c5b6ece3b0771a8037231306baf0af8e8ca23de435f581fc62d6794cab81a5dadf3235b66eda56c331a0043621c688fbe302'
 '7a01190bcf30936758d004f89d7553c62632e91427f92e6420a9e453f2c5d92ab18ae9e62c46bc28aeb398621b28cfd3af89bf2317c887a5eec276b5b7a51052'
 '9ce049a98570c6bf53cf9e547168db075af2795fa519422bd27a2c9aa5b490c4b26aef25883802c4d8eb6e4dcb09c866e7d31677352f7beb6c4f9fcbbcc75e9b'
 'f9e54ba797ff2b80a5f0e5f24e3901236ac4130e4e84d01615e67bc810b290cd5ac7c08f71a782797073050d512eda2695c3659569deba0d4bd5c3ab6195784a']",2026-07-26,34
79783235-10f2-4e48-9a9c-51ba77d9eadd,53,53,1,15,[],Community 53,"['9146b3ae-f272-4a61-beba-e5b1773d1520'
 'f3bf0409-113a-4a0d-b903-f2410afe6187'
 'ae04b564-127d-4a59-96dd-1a4051e71baa'
 'baeae8f7-b787-4ca6-8621-43a4ed79b360'
 '57074cb5-7701-4653-9c7e-184231666a1d'
 '2e637c15-820a-4a22-b958-eca334e681a6'
 'a9947346-0e84-4b96-a7e0-58fc4eff7e1c'
 'cb36f4c0-2c41-479e-964b-85e57a725ae2'
 '8ee78486-ac26-467b-86e0-b8279c4e9af5']","['0022a143-9f61-43ed-9593-28cc1c8cda8b'
 '14a21026-b09b-43ae-b167-3e8f06481c21'
 '1ae10c01-d556-4217-9de6-02a3cd5851fc'
 '270b2efe-6e52-44d5-80a8-6fc5af512727'
 '584c0efe-59c9-4277-be13-b8e295a188ee'
 '5b129e67-b9de-4a19-8bbf-d5e891500e45'
 '95b10471-5bd7-405c-852e-453da34f52e9'
 'b4673e4d-d1ff-4873-86f3-2f0323a18524'
 'cacfd893-4a33-4c45-81e5-8794435f9da8'
 'd8107068-6800-4bb1-b079-0c5b4c466a2d']","['23663988970639bea940978ccbd9150fd292856f2f31a1d587392606a64713d5dfeade66f1beea67d1cc0b0e93012337685e0eca3267f98c1695a466657a8b24'
 '41bd25afdc1cce74b36dd6db5e44e91354172fda16475ab6a3f6cf99bddc720aa91cb56b5ea1b1c4774c8c97017d6bb03c52ba2676d7cfaab1c73fed8ab82912'
 '50fb8f6506c2271985ee7ffe42523d2eb06abbd85be8ea5021ae2d36d260f6f63d177e59ca2da764eeaeb4a953c841282dbf214859a753f968cb6e6cb86e0c72']",2026-07-26,9
63f4c263-6431-41fb-a88e-c3d61e4e40a8,54,54,1,15,[],Community 54,"['a8a63b56-d88a-4ff6-8c15-8c44603729ef'
 '6486534a-5b4e-49f9-8814-f1064a36a87f']",['19a7fde2-6889-419e-b224-bab32f97768e'],['7a01190bcf30936758d004f89d7553c62632e91427f92e6420a9e453f2c5d92ab18ae9e62c46bc28aeb398621b28cfd3af89bf2317c887a5eec276b5b7a51052'],2026-07-26,2
2a15eba5-9a04-4665-8fa4-f5220bcc3f46,55,55,1,15,[],Community 55,"['f8a6b069-bd80-45ff-ad46-3e77170d42aa'
 '6f6d3545-ea48-48d4-b8f4-11deb32ff025']",['8f136cc5-5fab-48df-95e0-d1adde8690fc'],['50fb8f6506c2271985ee7ffe42523d2eb06abbd85be8ea5021ae2d36d260f6f63d177e59ca2da764eeaeb4a953c841282dbf214859a753f968cb6e6cb86e0c72'],2026-07-26,2
8aefd2c8-ea80-4a9d-95e2-f6a0d9b5beeb,56,56,1,15,[],Community 56,"['d80845cd-706e-44c4-9eef-bd70537347a7'
 '737a89b6-0592-49cf-9831-a0d5af54190b']",['7d4701f9-0af4-4e03-83d1-dd01f31d49e6'],['05802f69e17001a506260c74ca400f6a1368fbf0132720e670d13ffd39c31d615ca94e0ffc071332bd317faa48542bde7970720b9f035d496136fc5d6bbb8ca5'],2026-07-26,2
c9015d51-a7f6-4259-9349-61d523c00cc2,57,57,1,15,[],Community 57,"['a46ad470-7964-406d-92d2-363593deb5e4'
 '6160f77f-7ed8-4362-8a9f-1effbfe36920'
 '9a1dac7a-e7a1-4d7c-98c4-a905ebec48fd']","['6909bfcf-3982-4e5f-990e-51fbb5a79cb9'
 'ee08674e-5945-4406-a544-b9f9b448b196']",['9ce049a98570c6bf53cf9e547168db075af2795fa519422bd27a2c9aa5b490c4b26aef25883802c4d8eb6e4dcb09c866e7d31677352f7beb6c4f9fcbbcc75e9b'],2026-07-26,3
bf3c0e1f-6854-443f-a736-1a49ba7239d7,58,58,1,15,[],Community 58,"['b7f8b92d-f663-4b5b-a7f4-77870b26524d'
 '13b21160-f43e-47f2-88c5-f3d7072e2733']",['74086892-95ba-41ef-af67-7f4a10bfadf2'],['6a1a5132f360531b1174e0eac2b2c5b6ece3b0771a8037231306baf0af8e8ca23de435f581fc62d6794cab81a5dadf3235b66eda56c331a0043621c688fbe302'],2026-07-26,2
dc107f42-3907-4e2f-91db-3c54febf11c1,59,59,1,15,[],Community 59,"['6386da48-3d9f-4a2f-80fb-432213a3231b'
 '653ae6e1-b8f4-4ac9-ad5b-c443382b4508'
 'f8566dd0-127d-4cdb-b79a-b9ab18c2dacd'
 '6247c16e-35b1-4419-9d20-48ef8ea9d823'
 '07a6e9a7-d59f-483b-abac-50683173189e'
 '293cbf2c-afe4-4afd-816a-01780655e311'
 'd7627771-6dd5-4fb0-a507-8d257f0c4ae4'
 'bd7b7fd7-4018-4deb-8d8b-b60d30902e07']","['622d2619-15a3-4c1f-94ba-714b10ac8004'
 '7cfc2c24-7ec2-427a-8818-481e88b2eb1c'
 '9820f182-ac6f-4f76-8d44-de00a3bff65d'
 'd136e5d8-f40f-4d32-b8d6-8063fd1c75be'
 'd5790650-b670-447c-bf9f-afe81e752fba'
 'dca80b2c-64c0-420a-9012-e1117bab51a4'
 'ebc26e96-410e-4502-a368-33e1a2b78ec1']","['50e06bf07ca2ce3a4e0dc0520305a36334e339dc022e32de2a78b62769102078202b01514330a1c4939e30fdb8f4d3884f790c7814b2e95e9bdb0894b3323a4e'
 '9ce049a98570c6bf53cf9e547168db075af2795fa519422bd27a2c9aa5b490c4b26aef25883802c4d8eb6e4dcb09c866e7d31677352f7beb6c4f9fcbbcc75e9b'
 'f9e54ba797ff2b80a5f0e5f24e3901236ac4130e4e84d01615e67bc810b290cd5ac7c08f71a782797073050d512eda2695c3659569deba0d4bd5c3ab6195784a']",2026-07-26,8
e91e9b62-d888-4f24-87e8-d1f95113ddd7,60,60,2,29,[],Community 60,"['586a360f-3504-41cd-ba78-3677e4822763'
 '6577fac6-a810-4c02-a95e-f51a14877d5e']",['2a14aa98-ff2b-4d0c-9a76-c8ac5448c5e0'],['4d221520fe7090409cfa9cda598db30683356c340ab3584a063ffe92486f2fe7225fc056f8b997f085ff0c0f7475828879fa678b7b1709148cb03584b292dab0'],2026-07-26,2
0988de37-6b75-4814-8641-78ac415d5f27,61,61,2,29,[],Community 61,"['cb0a1b84-f9a3-4404-9807-afa3d1e6c3af'
 '565f8c34-532e-4edf-9043-5584199aacdc'
 '20d09d66-a59c-4b76-8145-28e85268c331'
 '989f5ee5-4f8f-45bb-ae0c-fed8e87f1dbc'
 '8a7a07f7-e526-4c84-8dcc-ff6f50a8e68f'
 'ff60fe4d-c32a-40ad-9471-59abb741bb84'
 'ee628408-78b0-4ef9-aa53-013289be4f0d'
 'fa9600b7-81b9-4aaf-aafc-8682aa96f265'
 '672d47ca-35bf-4a7a-819f-56940ff891e8'
 '18412f8e-0e0c-4c81-8158-aac024a408f7'
 '969c2df0-6bd3-482e-bdbb-0a8d18ce0267']","['02990fc8-a1a7-4ec9-9d12-ea19e65ee6ef'
 '39231b35-6ad1-4014-8d4e-d1381b07ce8c'
 '3a9025be-b2d8-4591-ba85-1fd25a4a58d2'
 '3d321738-27c1-4653-be84-05ee7ffbcb8a'
 '7e82baa0-357c-49a1-b326-14aaf135f4c9'
 '82d1a5db-4db4-4a29-b7ba-73ad1004cb75'
 '85406008-f1ce-4d43-b47a-a8bc9b4265f2'
 '9bcc28a7-bb93-405d-9481-1a03b46a1c22'
 '9bd42034-12e7-4afe-ad6f-af6aae270074'
 'e87db637-71f3-4134-8a02-954d1e518207']","['23663988970639bea940978ccbd9150fd292856f2f31a1d587392606a64713d5dfeade66f1beea67d1cc0b0e93012337685e0eca3267f98c1695a466657a8b24'
 '4d221520fe7090409cfa9cda598db30683356c340ab3584a063ffe92486f2fe7225fc056f8b997f085ff0c0f7475828879fa678b7b1709148cb03584b292dab0'
 '7ae981575e185e2452d144d541d822b7725e27bc7dda501c9d8495719003ccb89584fe5e1ac83baa67ae4060497ae5e2536fae015a551dc8cdefa9b5aa17289b'
 'd7219f76b31818b7b13bf08dda81003d752e53f7660831d5e201d105d2bc1fc19e8cc49ca6cd21e08570939d7fb3e87b45f0f5feb8575df195e7be8cbd3b6475']",2026-07-26,11
