id,source,source_type,target,target_type,relation_type,modality,description,weight,combined_degree,text_unit_ids,source_supported,primary_classification,relation_type_correct,modality_correct,direction_correct,endpoints_correct,description_problem,likely_pipeline_stage,audit_notes
38aaae30-345b-449c-a1d7-f36502b38194,PHOTOVOLTAIK,TECHNOLOGY,ÖSTERREICH,GEOGRAPHIC_AREA,CONTRIBUTES_TO,EXPLICIT_FACT,[RELATION_TYPE=CONTRIBUTES_TO] [MODALITY=EXPLICIT_FACT] Photovoltaics is named as a key technology in Austria's future energy supply mix.,10.0,137,['f9e54ba797ff2b80a5f0e5f24e3901236ac4130e4e84d01615e67bc810b290cd5ac7c08f71a782797073050d512eda2695c3659569deba0d4bd5c3ab6195784a'],,,,,,,,,
83f96aa2-16da-43bb-be18-8e0fc0c0ba48,ÖSTERREICHISCHE PHOTOVOLTAIK-STRATEGIE,POLICY,PHOTOVOLTAIK,TECHNOLOGY,UNSPECIFIED,UNSPECIFIED,"The Austrian Photovoltaic Strategy (ÖSTERREICHISCHE PHOTOVOLTAIK-STRATEGIE) is a guiding framework dedicated to the expansion and strategic support of photovoltaics (PHOTOVOLTAIK) in Austria, providing framework, targets, and measures to support the further expansion and integration of photovoltaics.",30.0,130,"['d7219f76b31818b7b13bf08dda81003d752e53f7660831d5e201d105d2bc1fc19e8cc49ca6cd21e08570939d7fb3e87b45f0f5feb8575df195e7be8cbd3b6475'
 '50e06bf07ca2ce3a4e0dc0520305a36334e339dc022e32de2a78b62769102078202b01514330a1c4939e30fdb8f4d3884f790c7814b2e95e9bdb0894b3323a4e'
 '05802f69e17001a506260c74ca400f6a1368fbf0132720e670d13ffd39c31d615ca94e0ffc071332bd317faa48542bde7970720b9f035d496136fc5d6bbb8ca5']",,,,,,,,,
ba0af85a-6483-445b-9414-a781ddea46e5,PHOTOVOLTAIK,TECHNOLOGY,ÖSTERREICHISCHE PHOTOVOLTAIK-STRATEGIE,POLICY,ASSOCIATED_WITH,EXPLICIT_FACT,[RELATION_TYPE=ASSOCIATED_WITH] [MODALITY=EXPLICIT_FACT] The Austrian Photovoltaic Strategy concerns the deployment of photovoltaics in Austria.,9.0,130,['6927535991c09031efd0df39ec21591dd3bb460da14c01bc36d343f0078b726ed44d06a0c6bb518236ea61ed8c8b15365630cf185b8012e963898f2e117f7d8a'],,,,,,,,,
c9e4c4d1-659a-43c6-83bd-6804552a6017,PHOTOVOLTAIK,TECHNOLOGY,PV-ANLAGE,TECHNOLOGY,UNSPECIFIED,UNSPECIFIED,PV-Anlage (PV systems) are a primary and central form of Photovoltaik (photovoltaics) installations.,10.0,111,"['6927535991c09031efd0df39ec21591dd3bb460da14c01bc36d343f0078b726ed44d06a0c6bb518236ea61ed8c8b15365630cf185b8012e963898f2e117f7d8a'
 '6927535991c09031efd0df39ec21591dd3bb460da14c01bc36d343f0078b726ed44d06a0c6bb518236ea61ed8c8b15365630cf185b8012e963898f2e117f7d8a']",,,,,,,,,
193accbf-de49-42e5-8e40-f1aa91f9890e,ÖSTERREICH,GEOGRAPHIC_AREA,ÖSTERREICHISCHE PHOTOVOLTAIK-STRATEGIE,POLICY,UNSPECIFIED,UNSPECIFIED,The ÖSTERREICHISCHE PHOTOVOLTAIK-STRATEGIE (Austrian Photovoltaic Strategy) is a national policy instrument in Austria that is associated with the development and measures of Austria's photovoltaic (PV) market and provides guidelines for PV expansion in the country.,20.0,97,"['9ce049a98570c6bf53cf9e547168db075af2795fa519422bd27a2c9aa5b490c4b26aef25883802c4d8eb6e4dcb09c866e7d31677352f7beb6c4f9fcbbcc75e9b'
 '05802f69e17001a506260c74ca400f6a1368fbf0132720e670d13ffd39c31d615ca94e0ffc071332bd317faa48542bde7970720b9f035d496136fc5d6bbb8ca5']",,,,,,,,,
0090f21b-a13b-4695-bc3d-1e48b29cd8aa,ÖSTERREICHISCHE PHOTOVOLTAIK-STRATEGIE,POLICY,ÖSTERREICH,GEOGRAPHIC_AREA,UNSPECIFIED,UNSPECIFIED,The Austrian Photovoltaic Strategy (ÖSTERREICHISCHE PHOTOVOLTAIK-STRATEGIE) is applicable to Austria's national PV development and pertains to Austria's national solar policy.,17.0,97,"['f9e54ba797ff2b80a5f0e5f24e3901236ac4130e4e84d01615e67bc810b290cd5ac7c08f71a782797073050d512eda2695c3659569deba0d4bd5c3ab6195784a'
 '6927535991c09031efd0df39ec21591dd3bb460da14c01bc36d343f0078b726ed44d06a0c6bb518236ea61ed8c8b15365630cf185b8012e963898f2e117f7d8a']",,,,,,,,,
604c93cd-7c69-467b-828c-13e257b5d3d7,PHOTOVOLTAIK,TECHNOLOGY,PHOTOVOLTAIK-ERZEUGUNGSSPITZEN,CONSTRAINT,CONTRIBUTES_TO,EXPLICIT_FACT,"[RELATION_TYPE=CONTRIBUTES_TO] [MODALITY=EXPLICIT_FACT] Expansion of photovoltaics leads to production peaks, which are already challenging to fully absorb in the public grid.",9.0,93,['6a1a5132f360531b1174e0eac2b2c5b6ece3b0771a8037231306baf0af8e8ca23de435f581fc62d6794cab81a5dadf3235b66eda56c331a0043621c688fbe302'],,,,,,,,,
ee657e2c-7cc4-4b96-9c32-dff740b2f9a3,PHOTOVOLTAIK,TECHNOLOGY,PHOTOVOLTAIKANLAGEN,TECHNOLOGY,ASSOCIATED_WITH,EXPLICIT_FACT,[RELATION_TYPE=ASSOCIATED_WITH] [MODALITY=EXPLICIT_FACT] Photovoltaics is the general technology class under which photovoltaic installations are a specific deployment form.,9.0,93,['2d9fdebd364caf6ea226dc0ee6624e0c2d54fc65848a9cd18f9b868675333d5be302c20a6cbb1b4f9503e536f5051a60a8783cd3657ab2cf1f9daf65be366c76'],,,,,,,,,
2867e2c3-10e4-4bb9-b0eb-e10c59152541,INTEGRIERTER ÖSTERREICHISCHER NETZINFRASTRUKTURPLAN (NIP),POLICY,PHOTOVOLTAIK,TECHNOLOGY,SUPPORTS,EXPLICIT_FACT,"[RELATION_TYPE=SUPPORTS] [MODALITY=EXPLICIT_FACT] The NIP identifies and supports area potentials on buildings, infrastructures, and open spaces for PV installation.",8.0,93,['41bd25afdc1cce74b36dd6db5e44e91354172fda16475ab6a3f6cf99bddc720aa91cb56b5ea1b1c4774c8c97017d6bb03c52ba2676d7cfaab1c73fed8ab82912'],,,,,,,,,
6b1c29e7-ecd4-4e1d-b658-a179c10e8b7b,ENERGIEWENDE,POLICY,PHOTOVOLTAIK,TECHNOLOGY,SUPPORTS,EXPLICIT_FACT,[RELATION_TYPE=SUPPORTS] [MODALITY=EXPLICIT_FACT] The energy transition in Austria requires the expansion of photovoltaics as a key renewable energy source.,10.0,91,['d7219f76b31818b7b13bf08dda81003d752e53f7660831d5e201d105d2bc1fc19e8cc49ca6cd21e08570939d7fb3e87b45f0f5feb8575df195e7be8cbd3b6475'],,,,,,,,,
d9c5cfbb-3a3d-489b-b511-0cc5c58ab9ae,PHOTOVOLTAIK,TECHNOLOGY,AUSBBAUPOTENTIAL PHOTOVOLTAIK — 41 TWH BY 2040,TARGET,CONTRIBUTES_TO,EXPLICIT_FACT,[RELATION_TYPE=CONTRIBUTES_TO] [MODALITY=EXPLICIT_FACT] Expansion of photovoltaics contributes to achieving the estimated technical potential of 41 TWh by 2040.,10.0,91,['f9e54ba797ff2b80a5f0e5f24e3901236ac4130e4e84d01615e67bc810b290cd5ac7c08f71a782797073050d512eda2695c3659569deba0d4bd5c3ab6195784a'],,,,,,,,,
4a06e4c5-9312-4fb6-9498-d4d48192c5fb,ENERGIEGEMEINSCHAFTEN (EGS),STAKEHOLDER,PHOTOVOLTAIK,TECHNOLOGY,CONTRIBUTES_TO,EXPLICIT_FACT,[RELATION_TYPE=CONTRIBUTES_TO] [MODALITY=EXPLICIT_FACT] Energy communities are identified as a basis for communal PV expansion.,10.0,91,['05802f69e17001a506260c74ca400f6a1368fbf0132720e670d13ffd39c31d615ca94e0ffc071332bd317faa48542bde7970720b9f035d496136fc5d6bbb8ca5'],,,,,,,,,
59f85c42-d6c4-4aae-ab21-98e13502f7dd,PHOTOVOLTAIK,TECHNOLOGY,100% BILANZIELL ERNEUERBARER STROMVERBRAUCH BIS 2030,TARGET,CONTRIBUTES_TO,EXPLICIT_FACT,[RELATION_TYPE=CONTRIBUTES_TO] [MODALITY=EXPLICIT_FACT] Photovoltaics is identified as a central pillar (wesentliche Säule) for attaining the 2030 renewable electricity target.,10.0,90,['d7219f76b31818b7b13bf08dda81003d752e53f7660831d5e201d105d2bc1fc19e8cc49ca6cd21e08570939d7fb3e87b45f0f5feb8575df195e7be8cbd3b6475'],,,,,,,,,
439f2a04-ce2b-419e-8a6a-0adae5c1ba95,PHOTOVOLTAIK,TECHNOLOGY,"PV-STROMERZEUGUNG ERFORDERLICH — 21 TWH (ÖSTERREICH, 2030)",TARGET,CONTRIBUTES_TO,SCENARIO,[RELATION_TYPE=CONTRIBUTES_TO] [MODALITY=SCENARIO] PV development is necessary to achieve the 21 TWh 2030 generation target.,10.0,89,['f9e54ba797ff2b80a5f0e5f24e3901236ac4130e4e84d01615e67bc810b290cd5ac7c08f71a782797073050d512eda2695c3659569deba0d4bd5c3ab6195784a'],,,,,,,,,
b2e371b8-c4d7-4d82-94fb-08a711b5b5cb,PHOTOVOLTAIK,TECHNOLOGY,DEZENTRALE NUTZUNG ERNEUERBARER ENERGIE,TECHNOLOGY,SUPPORTS,EXPLICIT_FACT,"[RELATION_TYPE=SUPPORTS] [MODALITY=EXPLICIT_FACT] PV is described as the most decentralized form of renewable power generation, supporting decentralized energy use in households and businesses.",10.0,89,['dafd7f2f39e49c87969ec1360e9fae0af9de6f290655205c8c120dd24dcc85da04f0536237f7f9529d31deed892d5abae3b8f58fb66ae9e497327f23b1e6b750'],,,,,,,,,
cf7b63d7-0b4a-4e5d-a74a-3a8bdcaa6832,PHOTOVOLTAIK,TECHNOLOGY,PV-AUSBAU VON MINDESTENS 11 TWH BIS 2030,TARGET,CONTRIBUTES_TO,EXPLICIT_FACT,[RELATION_TYPE=CONTRIBUTES_TO] [MODALITY=EXPLICIT_FACT] Photovoltaics is expected to deliver at least 11 TWh of new generation capacity by 2030 toward national targets.,9.0,89,['50fb8f6506c2271985ee7ffe42523d2eb06abbd85be8ea5021ae2d36d260f6f63d177e59ca2da764eeaeb4a953c841282dbf214859a753f968cb6e6cb86e0c72'],,,,,,,,,
9040b8d8-60e3-45d6-b041-bcf8a13b2ca8,PHOTOVOLTAIK,TECHNOLOGY,KLIMANEUTRALITÄT IN ÖSTERREICH BIS 2040,TARGET,CONTRIBUTES_TO,EXPLICIT_FACT,[RELATION_TYPE=CONTRIBUTES_TO] [MODALITY=EXPLICIT_FACT] Achieving climate neutrality by 2040 is associated with major PV expansion; PV is described as a central pillar of Austria's energy system in 2040.,8.0,89,['50fb8f6506c2271985ee7ffe42523d2eb06abbd85be8ea5021ae2d36d260f6f63d177e59ca2da764eeaeb4a953c841282dbf214859a753f968cb6e6cb86e0c72'],,,,,,,,,
e36754d3-58c1-433f-b973-552dbb23be34,ERNEUERBAREN-BESCHLEUNIGUNGSGEBIETE (RENEWABLES ACCELERATION AREAS),POLICY,PHOTOVOLTAIK,TECHNOLOGY,SUPPORTS,RECOMMENDATION,[RELATION_TYPE=SUPPORTS] [MODALITY=RECOMMENDATION] These zones are intended to make it easier and faster to expand renewable energy installations such as photovoltaics.,8.0,89,['41bd25afdc1cce74b36dd6db5e44e91354172fda16475ab6a3f6cf99bddc720aa91cb56b5ea1b1c4774c8c97017d6bb03c52ba2676d7cfaab1c73fed8ab82912'],,,,,,,,,
9d6b65ed-c3de-4045-bd52-303e8c203dc4,PHOTOVOLTAIK,TECHNOLOGY,"PV-GENERATION — 6.3 TWH (ÖSTERREICH, 2023)",MARKET_METRIC,MEASURED_BY,EXPLICIT_FACT,[RELATION_TYPE=MEASURED_BY] [MODALITY=EXPLICIT_FACT] The metric reports PV electricity generation for 2023.,10.0,88,['50fb8f6506c2271985ee7ffe42523d2eb06abbd85be8ea5021ae2d36d260f6f63d177e59ca2da764eeaeb4a953c841282dbf214859a753f968cb6e6cb86e0c72'],,,,,,,,,
9cb6f89a-eb03-47a1-8e95-1fec200cda7b,DIGITALISIERUNG DER MARKTKOMMUNIKATION,INFRASTRUCTURE,PHOTOVOLTAIK,TECHNOLOGY,SUPPORTS,EXPLICIT_FACT,"[RELATION_TYPE=SUPPORTS] [MODALITY=EXPLICIT_FACT] Digitalization of market communication enables PV system operators to participate, directly or in aggregated form, in various electricity and flexibility markets.",10.0,88,['05802f69e17001a506260c74ca400f6a1368fbf0132720e670d13ffd39c31d615ca94e0ffc071332bd317faa48542bde7970720b9f035d496136fc5d6bbb8ca5'],,,,,,,,,
dead9c61-e29f-4d2b-8251-6b48ce799362,FÖRDERPROGRAMM MUSTER- & LEUCHTTURMPROJEKTE PHOTOVOLTAIK DES KLIMA- UND ENERGIEFONDS,SUPPORT_SCHEME,PHOTOVOLTAIK,TECHNOLOGY,SUPPORTS,EXPLICIT_FACT,[RELATION_TYPE=SUPPORTS] [MODALITY=EXPLICIT_FACT] The Climate and Energy Fund's funding programme supports photovoltaic innovation and project deployment.,9.0,88,['6a1a5132f360531b1174e0eac2b2c5b6ece3b0771a8037231306baf0af8e8ca23de435f581fc62d6794cab81a5dadf3235b66eda56c331a0043621c688fbe302'],,,,,,,,,
a3ab4147-a213-47db-a26d-8f77ba5c6563,ÖKODESIGN-RICHTLINIE,POLICY,PHOTOVOLTAIK,TECHNOLOGY,REGULATES,EXPLICIT_FACT,"[RELATION_TYPE=REGULATES] [MODALITY=EXPLICIT_FACT] The Eco-design Directive, expanded to a regulation, applies to and is used to regulate photovoltaic systems.",8.0,88,['41bd25afdc1cce74b36dd6db5e44e91354172fda16475ab6a3f6cf99bddc720aa91cb56b5ea1b1c4774c8c97017d6bb03c52ba2676d7cfaab1c73fed8ab82912'],,,,,,,,,
c148948f-22e1-4602-95e3-35e59b71f55e,ANSPRUCHSVOLL/UMFASSENDES GENEHMIGUNGSVERFAHREN,CONSTRAINT,PHOTOVOLTAIK,TECHNOLOGY,CONSTRAINS,EXPLICIT_FACT,[RELATION_TYPE=CONSTRAINS] [MODALITY=EXPLICIT_FACT] Comprehensive and complex approval procedures hinder rapid PV expansion.,8.0,88,['41bd25afdc1cce74b36dd6db5e44e91354172fda16475ab6a3f6cf99bddc720aa91cb56b5ea1b1c4774c8c97017d6bb03c52ba2676d7cfaab1c73fed8ab82912'],,,,,,,,,
94822427-907e-4402-a101-c718f8ce9b32,FLEXIBILITÄTSSTUDIEN DER E-CONTROL,POLICY,PHOTOVOLTAIK,TECHNOLOGY,ASSOCIATED_WITH,EXPLICIT_FACT,[RELATION_TYPE=ASSOCIATED_WITH] [MODALITY=EXPLICIT_FACT] The flexibility studies of E-Control are a basis for further implementation actions for flexibility involving PV.,8.0,88,['6a1a5132f360531b1174e0eac2b2c5b6ece3b0771a8037231306baf0af8e8ca23de435f581fc62d6794cab81a5dadf3235b66eda56c331a0043621c688fbe302'],,,,,,,,,
558cf654-2a57-45c0-a857-67faa1e4506c,QUALITÄTSSICHERNDE MASSNAHMEN,SUPPORT_SCHEME,PHOTOVOLTAIK,TECHNOLOGY,SUPPORTS,EXPLICIT_FACT,[RELATION_TYPE=SUPPORTS] [MODALITY=EXPLICIT_FACT] Quality-assurance measures in ecological and technical processes contribute to establishing photovoltaics as a widely accepted standard technology.,7.0,88,['41bd25afdc1cce74b36dd6db5e44e91354172fda16475ab6a3f6cf99bddc720aa91cb56b5ea1b1c4774c8c97017d6bb03c52ba2676d7cfaab1c73fed8ab82912'],,,,,,,,,
ef389693-c37f-4b59-9fc5-a8d7f4ed7d09,PHOTOVOLTAIK,TECHNOLOGY,"JÄHRLICHER PV-ZUBAU — 1 GW (ÖSTERREICH, 2022)",MARKET_METRIC,MEASURED_BY,EXPLICIT_FACT,[RELATION_TYPE=MEASURED_BY] [MODALITY=EXPLICIT_FACT] The metric concerns annual photovoltaic capacity expansion in Austria for 2022.,10.0,87,['d7219f76b31818b7b13bf08dda81003d752e53f7660831d5e201d105d2bc1fc19e8cc49ca6cd21e08570939d7fb3e87b45f0f5feb8575df195e7be8cbd3b6475'],,,,,,,,,
602ddcbf-11a9-4222-a24b-4af0a028cb44,PHOTOVOLTAIK,TECHNOLOGY,"JÄHRLICHER PV-ZUBAU — 2,5 GW (ÖSTERREICH, 2023)",MARKET_METRIC,MEASURED_BY,EXPLICIT_FACT,[RELATION_TYPE=MEASURED_BY] [MODALITY=EXPLICIT_FACT] The metric concerns annual photovoltaic capacity expansion in Austria for 2023.,10.0,87,['d7219f76b31818b7b13bf08dda81003d752e53f7660831d5e201d105d2bc1fc19e8cc49ca6cd21e08570939d7fb3e87b45f0f5feb8575df195e7be8cbd3b6475'],,,,,,,,,
97a9d011-b4e0-43fe-bdfe-51706ae4a75c,PHOTOVOLTAIK,TECHNOLOGY,"PV-GENERIERTE ENERGIE — 6,3 TWH (ÖSTERREICH, 2023)",MARKET_METRIC,MEASURED_BY,EXPLICIT_FACT,[RELATION_TYPE=MEASURED_BY] [MODALITY=EXPLICIT_FACT] The amount of energy generated by photovoltaics in Austria in 2023 is measured at 6.3 TWh.,10.0,87,['50e06bf07ca2ce3a4e0dc0520305a36334e339dc022e32de2a78b62769102078202b01514330a1c4939e30fdb8f4d3884f790c7814b2e95e9bdb0894b3323a4e'],,,,,,,,,
82bc1a8d-560d-4647-ba13-0e54f86c6644,PHOTOVOLTAIK,TECHNOLOGY,"ANTEIL PHOTOVOLTAIK AN STROMVERSORGUNG — 30 % (ÖSTERREICH, 2040)",TARGET,CONTRIBUTES_TO,EXPLICIT_FACT,"[RELATION_TYPE=CONTRIBUTES_TO] [MODALITY=EXPLICIT_FACT] PV is described as a fundamental pillar for Austria's electricity supply in 2040, reaching about 30%.",10.0,87,['50e06bf07ca2ce3a4e0dc0520305a36334e339dc022e32de2a78b62769102078202b01514330a1c4939e30fdb8f4d3884f790c7814b2e95e9bdb0894b3323a4e'],,,,,,,,,
47585e73-b8ed-4d23-8f91-58096a480262,PHOTOVOLTAIK,TECHNOLOGY,"PV-ANTEIL AM STROMENDVERBRAUCH — CA. 10% (ÖSTERREICH, 2023)",MARKET_METRIC,MEASURED_BY,EXPLICIT_FACT,"[RELATION_TYPE=MEASURED_BY] [MODALITY=EXPLICIT_FACT] By 2023, photovoltaics accounted for roughly 10% of Austria's final electricity consumption.",10.0,87,['f9e54ba797ff2b80a5f0e5f24e3901236ac4130e4e84d01615e67bc810b290cd5ac7c08f71a782797073050d512eda2695c3659569deba0d4bd5c3ab6195784a'],,,,,,,,,
46c17c0d-d3d4-4555-80f0-df1bc495bc5d,PHOTOVOLTAIK,TECHNOLOGY,"PV-ANTEIL AM ENERGIEBEDARF — CA. 2% (ÖSTERREICH, 2023)",MARKET_METRIC,MEASURED_BY,EXPLICIT_FACT,"[RELATION_TYPE=MEASURED_BY] [MODALITY=EXPLICIT_FACT] In 2023, photovoltaics covered about 2% of Austria's total energy demand.",10.0,87,['f9e54ba797ff2b80a5f0e5f24e3901236ac4130e4e84d01615e67bc810b290cd5ac7c08f71a782797073050d512eda2695c3659569deba0d4bd5c3ab6195784a'],,,,,,,,,
b9df7948-d02c-4355-8d78-53e1911b47c9,PHOTOVOLTAIK,TECHNOLOGY,"PV-ANTEIL AM ENERGIEANGEBOT — 20% (ÖSTERREICH, 2040 ZIEL)",TARGET,CONTRIBUTES_TO,SCENARIO,[RELATION_TYPE=CONTRIBUTES_TO] [MODALITY=SCENARIO] PV expansion is projected to provide 20% of total Austrian energy supply in 2040.,10.0,87,['f9e54ba797ff2b80a5f0e5f24e3901236ac4130e4e84d01615e67bc810b290cd5ac7c08f71a782797073050d512eda2695c3659569deba0d4bd5c3ab6195784a'],,,,,,,,,
69f9b6a1-69bb-426d-9794-e9d8315a1a63,PHOTOVOLTAIK,TECHNOLOGY,PHOTOVOLTAIK-AUSBAU BIS 2040 — DURCHSCHNITTLICH 2 GW PRO JAHR,TARGET,CONTRIBUTES_TO,EXPLICIT_FACT,[RELATION_TYPE=CONTRIBUTES_TO] [MODALITY=EXPLICIT_FACT] The expansion of photovoltaics is the subject of the planned target of an average 2 GW annual deployment to 2040.,10.0,87,['06c273ec9919eb4693462fdacebd50536ccdcf47bacc47b2b30c8a69005636b654b4919dc579696a4a7abbde4a00511a66f0c0be040f4ffc907fc316bee009dc'],,,,,,,,,
bedc3809-f7cb-4dfc-b12d-f4529ff260e4,PHOTOVOLTAIK,TECHNOLOGY,BREITE SICHTBARKEIT DER PV-INSTALLATIONEN,MARKET_METRIC,MEASURED_BY,EXPLICIT_FACT,[RELATION_TYPE=MEASURED_BY] [MODALITY=EXPLICIT_FACT] PV installations are highly visible and their broad societal presence is noted as a factual characteristic.,10.0,87,['06c273ec9919eb4693462fdacebd50536ccdcf47bacc47b2b30c8a69005636b654b4919dc579696a4a7abbde4a00511a66f0c0be040f4ffc907fc316bee009dc'],,,,,,,,,
7fda9063-4820-4064-bc10-75c076ad166e,PHOTOVOLTAIK,TECHNOLOGY,PHOTOVOLTAIKANTEIL AN DER STROMVERSORGUNG — CA. 10 % (AKTUELL),MARKET_METRIC,MEASURED_BY,EXPLICIT_FACT,[RELATION_TYPE=MEASURED_BY] [MODALITY=EXPLICIT_FACT] The current share of photovoltaics in Austria’s electricity supply is approximately 10%.,10.0,87,['05802f69e17001a506260c74ca400f6a1368fbf0132720e670d13ffd39c31d615ca94e0ffc071332bd317faa48542bde7970720b9f035d496136fc5d6bbb8ca5'],,,,,,,,,
af2f03fa-b89e-4f35-8470-abe9a7e346ec,PHOTOVOLTAIK,TECHNOLOGY,"ANTEIL PHOTOVOLTAIK AN GESAMTER ENERGIEVERSORGUNG — 20 % (ÖSTERREICH, 2040)",TARGET,CONTRIBUTES_TO,SCENARIO,[RELATION_TYPE=CONTRIBUTES_TO] [MODALITY=SCENARIO] PV expansion is identified as enabling 20% of total energy supply if the energy system is sufficiently electrified.,9.0,87,['50e06bf07ca2ce3a4e0dc0520305a36334e339dc022e32de2a78b62769102078202b01514330a1c4939e30fdb8f4d3884f790c7814b2e95e9bdb0894b3323a4e'],,,,,,,,,
2777d454-1bf8-4f58-97fa-d159317c57d9,NACHHALTIGE UND GÜNSTIGE STROMVERSORGUNG,TARGET,PHOTOVOLTAIK,TECHNOLOGY,CONTRIBUTES_TO,EXPLICIT_FACT,[RELATION_TYPE=CONTRIBUTES_TO] [MODALITY=EXPLICIT_FACT] Expanding photovoltaics is stated to contribute to a sustainable and affordable electricity supply.,10.0,86,['d7219f76b31818b7b13bf08dda81003d752e53f7660831d5e201d105d2bc1fc19e8cc49ca6cd21e08570939d7fb3e87b45f0f5feb8575df195e7be8cbd3b6475'],,,,,,,,,
83a5c0cc-9bba-48e9-88fc-0f22187757f2,ENERGIEUNABHÄNGIGKEIT ÖSTERREICHS,TARGET,PHOTOVOLTAIK,TECHNOLOGY,CONTRIBUTES_TO,EXPLICIT_FACT,[RELATION_TYPE=CONTRIBUTES_TO] [MODALITY=EXPLICIT_FACT] The expansion of photovoltaics strengthens Austria's energy independence.,10.0,86,['d7219f76b31818b7b13bf08dda81003d752e53f7660831d5e201d105d2bc1fc19e8cc49ca6cd21e08570939d7fb3e87b45f0f5feb8575df195e7be8cbd3b6475'],,,,,,,,,
652c1c6b-e139-49e5-bd45-a7851ad5eba2,ARBEITSPLÄTZE DURCH PHOTOVOLTAIK,TARGET,PHOTOVOLTAIK,TECHNOLOGY,CONTRIBUTES_TO,EXPLICIT_FACT,[RELATION_TYPE=CONTRIBUTES_TO] [MODALITY=EXPLICIT_FACT] Increasing domestic value creation and jobs are identified as outcomes of PV expansion.,10.0,86,['d7219f76b31818b7b13bf08dda81003d752e53f7660831d5e201d105d2bc1fc19e8cc49ca6cd21e08570939d7fb3e87b45f0f5feb8575df195e7be8cbd3b6475'],,,,,,,,,
42d6dbd5-6191-4356-8174-550fd56a096e,ÖSTERREICHISCHE PHOTOVOLTAIK-STRATEGIE,POLICY,GESCHWINDIGKEIT UND METHODIK DES PV-AUSBAUS,CONSTRAINT,ALIAS_OF,EXPLICIT_FACT,[RELATION_TYPE=ALIAS_OF] [MODALITY=EXPLICIT_FACT] The strategy highlights the speed and methodology of PV expansion as key criteria for energy transition success.,7.0,47,['50e06bf07ca2ce3a4e0dc0520305a36334e339dc022e32de2a78b62769102078202b01514330a1c4939e30fdb8f4d3884f790c7814b2e95e9bdb0894b3323a4e'],,,,,,,,,
31bd2084-7db8-4cfc-9174-42b893c0185a,FÜHRENDE FORSCHUNGSEINRICHTUNGEN IM BEREICH DER PHOTOVOLTAIK,ORGANIZATION,FORSCHUNGSEINRICHTUNGEN IM BEREICH DER PHOTOVOLTAIK,ORGANIZATION,ALIAS_OF,EXPLICIT_FACT,[RELATION_TYPE=ALIAS_OF] [MODALITY=EXPLICIT_FACT] Leading research institutions in PV are described as a major part of the overall field of PV research institutions.,10.0,3,['06c273ec9919eb4693462fdacebd50536ccdcf47bacc47b2b30c8a69005636b654b4919dc579696a4a7abbde4a00511a66f0c0be040f4ffc907fc316bee009dc'],,,,,,,,,
e58d9297-6532-4908-b204-7ae1afa5f15e,RICHTLINIE (EU) 2023/2413 (RED III),POLICY,RICHTLINIE (EU) 2018/2001,POLICY,AMENDS,EXPLICIT_FACT,[RELATION_TYPE=AMENDS] [MODALITY=EXPLICIT_FACT] RED III is stated as amending Directive 2018/2001.,9.0,5,['6927535991c09031efd0df39ec21591dd3bb460da14c01bc36d343f0078b726ed44d06a0c6bb518236ea61ed8c8b15365630cf185b8012e963898f2e117f7d8a'],,,,,,,,,
22fc3157-fa1a-4945-a6de-edcd4d6d6e0d,REGULATORISCHE VORGABEN UND VERPFLICHTUNGEN,POLICY,VERSIEGELTE FLÄCHEN,INFRASTRUCTURE,APPLIES_TO,EXPLICIT_FACT,[RELATION_TYPE=APPLIES_TO] [MODALITY=EXPLICIT_FACT] Regulatory requirements and obligations aim to mobilize already-used or sealed surfaces for PV installations.,8.0,5,['23663988970639bea940978ccbd9150fd292856f2f31a1d587392606a64713d5dfeade66f1beea67d1cc0b0e93012337685e0eca3267f98c1695a466657a8b24'],,,,,,,,,
b0f6cae1-8f6f-4ba0-8c31-d6edbb1f7b76,KLARE ZIELE DER BUNDESLÄNDER UND GEMEINDEN,POLICY,GEMEINDE,GEOGRAPHIC_AREA,APPLIES_TO,EXPLICIT_FACT,[RELATION_TYPE=APPLIES_TO] [MODALITY=EXPLICIT_FACT] Clarity of targets is needed for Austrian municipalities to enable necessary PV expansion.,8.0,6,['41bd25afdc1cce74b36dd6db5e44e91354172fda16475ab6a3f6cf99bddc720aa91cb56b5ea1b1c4774c8c97017d6bb03c52ba2676d7cfaab1c73fed8ab82912'],,,,,,,,,
e5b38d0c-127c-4362-b508-33a84cb2cdd0,BMK-AUSBILDUNGSINITIATIVE „JUST TRANSITION“,SUPPORT_SCHEME,QUALIFIZIERUNGSVERBUND-AUSBILDUNGSOFFENSIVE,SUPPORT_SCHEME,ASSOCIATED_WITH,EXPLICIT_FACT,[RELATION_TYPE=ASSOCIATED_WITH] [MODALITY=EXPLICIT_FACT] The training offensive in qualification alliances is part of the broad support for energy-transition relevant apprenticeships under Just Transition.,8.0,8,['7a01190bcf30936758d004f89d7553c62632e91427f92e6420a9e453f2c5d92ab18ae9e62c46bc28aeb398621b28cfd3af89bf2317c887a5eec276b5b7a51052'],,,,,,,,,
10f95828-ee65-429e-ab6c-7b4a50f47b2d,E-CONTROL,ORGANIZATION,PHOTOVOLTAIK-STRATEGIE,POLICY,ASSOCIATED_WITH,EXPLICIT_FACT,[RELATION_TYPE=ASSOCIATED_WITH] [MODALITY=EXPLICIT_FACT] E-Control is identified as a significant actor in grid expansion and operation in the strategy.,7.0,29,['50fb8f6506c2271985ee7ffe42523d2eb06abbd85be8ea5021ae2d36d260f6f63d177e59ca2da764eeaeb4a953c841282dbf214859a753f968cb6e6cb86e0c72'],,,,,,,,,
d0463d27-3e45-4a57-8007-103e97b573c4,LANDWIRTSCHAFT,STAKEHOLDER,AGRI-PV-ANLAGE,TECHNOLOGY,BENEFITS_FROM,EXPLICIT_FACT,[RELATION_TYPE=BENEFITS_FROM] [MODALITY=EXPLICIT_FACT] The agricultural sector gains new income opportunities and improved land efficiency through Agri-PV installations.,9.0,9,['23663988970639bea940978ccbd9150fd292856f2f31a1d587392606a64713d5dfeade66f1beea67d1cc0b0e93012337685e0eca3267f98c1695a466657a8b24'],,,,,,,,,
bc3479fb-3669-4f0d-a64a-a03c6de0e1eb,AKTIVE KUND:INNEN,STAKEHOLDER,GEMEINSCHAFTLICHE ERZEUGUNGSANLAGEN (GEA),TECHNOLOGY,CAN_USE,EXPLICIT_FACT,[RELATION_TYPE=CAN_USE] [MODALITY=EXPLICIT_FACT] [STATUS=PLANNED] Active customers will be able to jointly use energy generated in communal installations.,10.0,6,['05802f69e17001a506260c74ca400f6a1368fbf0132720e670d13ffd39c31d615ca94e0ffc071332bd317faa48542bde7970720b9f035d496136fc5d6bbb8ca5'],,,,,,,,,
6cb158e7-8bf6-4ae2-8d67-58404c14c37d,UMWELTVERTRÄGLICHKEITSPRÜFUNG (UVP),CONSTRAINT,PHOTOVOLTAIK,TECHNOLOGY,CONSTRAINS,EXPLICIT_FACT,[RELATION_TYPE=CONSTRAINS] [MODALITY=EXPLICIT_FACT] Environmental Impact Assessment requirements are referenced as relevant to permitting and deploying photovoltaic installations.,8.0,86,['6927535991c09031efd0df39ec21591dd3bb460da14c01bc36d343f0078b726ed44d06a0c6bb518236ea61ed8c8b15365630cf185b8012e963898f2e117f7d8a'],,,,,,,,,
705e05ed-d10e-47ab-8950-6b56bdda44da,PHOTOVOLTAIK-ERZEUGUNGSSPITZEN,CONSTRAINT,STROMNETZ,INFRASTRUCTURE,CONSTRAINS,EXPLICIT_FACT,"[RELATION_TYPE=CONSTRAINS] [MODALITY=EXPLICIT_FACT] PV generation peaks cannot be completely absorbed by the public electricity grid, representing a technical constraint.",10.0,16,['6a1a5132f360531b1174e0eac2b2c5b6ece3b0771a8037231306baf0af8e8ca23de435f581fc62d6794cab81a5dadf3235b66eda56c331a0043621c688fbe302'],,,,,,,,,
597671e0-7a37-4c0b-a17b-001abe3e86c1,EXPORT VON PV-TECHNOLOGIE UND KOMPONENTEN,MARKET_METRIC,ÖSTERREICHISCHE UNTERNEHMEN,ORGANIZATION,CONTRIBUTES_TO,EXPLICIT_FACT,[RELATION_TYPE=CONTRIBUTES_TO] [MODALITY=EXPLICIT_FACT] Austrian companies are noted for exporting innovative PV technologies/components globally.,9.0,6,['e498566a78d36b3ce13304157993b9b4269045840f1d63663ab07328cc5c6a9ebc15f47c9ae340cbebf706bc8faebd35ccc4f11ae0aa4cb9a223345224329757'],,,,,,,,,
30e1ca91-3714-431c-879f-628cd1c2cb0b,ÖSTERREICHISCHE PHOTOVOLTAIK-STRATEGIE,POLICY,KLIMANEUTRALITÄT IN ÖSTERREICH BIS 2040,TARGET,CONTRIBUTES_TO,EXPLICIT_FACT,[RELATION_TYPE=CONTRIBUTES_TO] [MODALITY=EXPLICIT_FACT] The strategy identifies photovoltaic expansion as a key pillar for achieving climate neutrality in Austria by 2040.,9.0,49,['d7219f76b31818b7b13bf08dda81003d752e53f7660831d5e201d105d2bc1fc19e8cc49ca6cd21e08570939d7fb3e87b45f0f5feb8575df195e7be8cbd3b6475'],,,,,,,,,
a22feef3-0735-4963-95d2-a7f7e91a4849,KLIMA- UND ENERGIEFONDS,ORGANIZATION,"PV-FÖRDERUNG — 600 MIO. EUR (ÖSTERREICH, 2023)",MARKET_METRIC,FUNDS,EXPLICIT_FACT,[RELATION_TYPE=FUNDS] [MODALITY=EXPLICIT_FACT] The Climate and Energy Fund co-financed PV expansion in 2023.,9.0,11,['50fb8f6506c2271985ee7ffe42523d2eb06abbd85be8ea5021ae2d36d260f6f63d177e59ca2da764eeaeb4a953c841282dbf214859a753f968cb6e6cb86e0c72'],,,,,,,,,
4ad3aeff-bab9-40c2-a2aa-5f25a7fad8dc,ERNEUERBAREN-AUSBAU-GESETZ (EAG),POLICY,"PV-FÖRDERUNG — 600 MIO. EUR (ÖSTERREICH, 2023)",MARKET_METRIC,FUNDS,EXPLICIT_FACT,[RELATION_TYPE=FUNDS] [MODALITY=EXPLICIT_FACT] 600 million EUR in PV support in 2023 were disbursed under the EAG.,9.0,13,['50fb8f6506c2271985ee7ffe42523d2eb06abbd85be8ea5021ae2d36d260f6f63d177e59ca2da764eeaeb4a953c841282dbf214859a753f968cb6e6cb86e0c72'],,,,,,,,,
c300af30-71f2-4e0e-b599-0e1a5e6f2ef7,ÖSTERREICH,GEOGRAPHIC_AREA,100% BILANZIELL ERNEUERBARER STROMVERBRAUCH BIS 2030,TARGET,HAS_TARGET,EXPLICIT_FACT,[RELATION_TYPE=HAS_TARGET] [MODALITY=EXPLICIT_FACT] Austria has set the official target of 100 percent renewable electricity on a national balance by 2030.,10.0,57,['d7219f76b31818b7b13bf08dda81003d752e53f7660831d5e201d105d2bc1fc19e8cc49ca6cd21e08570939d7fb3e87b45f0f5feb8575df195e7be8cbd3b6475'],,,,,,,,,
9b7cbe8a-5911-4f4b-9096-0a34e3d066fc,ÖSTERREICH,GEOGRAPHIC_AREA,PHOTOVOLTAIK-AUSBAUPOTENZIAL — 41 TWH BIS 2040,TARGET,HAS_TARGET,EXPLICIT_FACT,[RELATION_TYPE=HAS_TARGET] [MODALITY=EXPLICIT_FACT] Austria’s PV expansion potential of 41 TWh by 2040 is determined within the ÖNIP.,10.0,54,['d7219f76b31818b7b13bf08dda81003d752e53f7660831d5e201d105d2bc1fc19e8cc49ca6cd21e08570939d7fb3e87b45f0f5feb8575df195e7be8cbd3b6475'],,,,,,,,,
ec55dab5-8fe1-49ce-ad80-efdd33300804,AKTIONSPLAN NETZANSCHLUSS,POLICY,E-CONTROL,ORGANIZATION,IMPLEMENTED,EXPLICIT_FACT,[RELATION_TYPE=IMPLEMENTED] [MODALITY=EXPLICIT_FACT] [STATUS=ADOPTED] The grid connection action plan was published and is led by E-Control in July 2023.,9.0,9,['2d9fdebd364caf6ea226dc0ee6624e0c2d54fc65848a9cd18f9b868675333d5be302c20a6cbb1b4f9503e536f5051a60a8783cd3657ab2cf1f9daf65be366c76'],,,,,,,,,
2aba7b0b-3a3f-4ea5-8f51-aac957ef349b,ABSCHLÄGE BEI PV-FREIFLÄCHENANLAGEN,SUPPORT_SCHEME,ERNEUERBAREN-AUSBAU-GESETZ (EAG),POLICY,IMPLEMENTED_BY,EXPLICIT_FACT,[RELATION_TYPE=IMPLEMENTED_BY] [MODALITY=EXPLICIT_FACT] Financial deductions for ground-mounted PV installations are implemented by the Renewable Expansion Act (EAG).,10.0,13,['23663988970639bea940978ccbd9150fd292856f2f31a1d587392606a64713d5dfeade66f1beea67d1cc0b0e93012337685e0eca3267f98c1695a466657a8b24'],,,,,,,,,
2ae38197-1a9a-42be-8007-156af0095f26,ZUSCHLÄGE BEI INNOVATIVEN ANLAGENFORMEN,SUPPORT_SCHEME,ERNEUERBAREN-AUSBAU-GESETZ (EAG),POLICY,IMPLEMENTED_BY,EXPLICIT_FACT,[RELATION_TYPE=IMPLEMENTED_BY] [MODALITY=EXPLICIT_FACT] Financial premiums for innovative PV system types are implemented via the Renewable Expansion Act (EAG).,10.0,12,['23663988970639bea940978ccbd9150fd292856f2f31a1d587392606a64713d5dfeade66f1beea67d1cc0b0e93012337685e0eca3267f98c1695a466657a8b24'],,,,,,,,,
2aa29939-4299-47b6-aea2-a0afdf2a1e12,ÖSTERREICH,GEOGRAPHIC_AREA,SOLAR-CHARTA,POLICY,IMPLEMENTS,EXPLICIT_FACT,[RELATION_TYPE=IMPLEMENTS] [MODALITY=EXPLICIT_FACT] [STATUS=ONGOING] Austria is an official signatory of the Solar-Charta as of April 2024.,10.0,55,['7a01190bcf30936758d004f89d7553c62632e91427f92e6420a9e453f2c5d92ab18ae9e62c46bc28aeb398621b28cfd3af89bf2317c887a5eec276b5b7a51052'],,,,,,,,,
