id,community,level,title,summary,full_content,rank,size,source_grounding,primary_classification,inherited_graph_error,new_llm_claim,numerical_claims_correct,modality_preserved,causal_language_problem,unsupported_elaboration,audit_notes
71b22030b1d7b0366d0f5f42e7c99e6d8228cc6b2206053641e282767d0d5f3b109dfed825589c441603a1333ecc7f043ee64207b72803d381b67e19e40e8f08,105,2,Austrian Renewable Expansion Act (EAG) – PV Expansion and Support Measures Community,"This community centers on the Erneuerbaren-Ausbau-Gesetz (EAG), Austria's Renewable Expansion Act, which serves as the legislative foundation for renewable energy expansion. The EAG explicitly sets national electricity targets for 100% balance-sheet renewable consumption and a photovoltaic (PV) generation increase of at least 11 TWh by 2030. It further establishes targeted support mechanisms, such as investment grants for Agri-PV installations under specific conditions and financial surcharges for innovative PV system types. All described relationships, targets, and support schemes are explicitly sourced from the supplied graph entities and relationships. Limitations include a lack of detailed geographic, stakeholder, or implementation status breakdowns beyond the national targets, and no supplied evidence about actual deployment progress or market responses.","# Austrian Renewable Expansion Act (EAG) – PV Expansion and Support Measures Community

This community centers on the Erneuerbaren-Ausbau-Gesetz (EAG), Austria's Renewable Expansion Act, which serves as the legislative foundation for renewable energy expansion. The EAG explicitly sets national electricity targets for 100% balance-sheet renewable consumption and a photovoltaic (PV) generation increase of at least 11 TWh by 2030. It further establishes targeted support mechanisms, such as investment grants for Agri-PV installations under specific conditions and financial surcharges for innovative PV system types. All described relationships, targets, and support schemes are explicitly sourced from the supplied graph entities and relationships. Limitations include a lack of detailed geographic, stakeholder, or implementation status breakdowns beyond the national targets, and no supplied evidence about actual deployment progress or market responses.

## The EAG sets an explicit official target: 100% of national electricity consumption to be balanced from renewables by 2030.

The relationship between 'ERNEUERBAREN-AUSBAU-GESETZ (EAG)' and '100% NATIONAL BILANZIERTER ERNEUERBARER STROMVERBRAUCH BIS 2030' is marked as an explicit, official target for Austria to cover its national electricity balance with renewables by 2030. [Data: Entities 10, 45; Relationships 8, 38]

## The EAG establishes at least 11 TWh of additional PV generation by 2030 as a national target.

Both 'PV-AUSBAU VON MINDESTENS 11 TWH BIS 2030' and 'EAG GENANNTE ZUBAUMENGE PV BIS 2030 GEGENÜBER 2020 — 11 TWH' document EAG's explicit official targets for PV expansion of at least 11 TWh by 2030, compared with 2020 levels. [Data: Entities 44, 159; Relationships 37, 180]

## The EAG law provides for investment subsidies for Agri-PV installations under certain agricultural conditions.

The EAG establishes support in the form of investment grants for Agri-PV systems, with eligibility if primary agricultural use is not or only minimally affected. [Data: Entities 10, 151; Relationships 165]

## Financial surcharges for innovative PV system types are implemented through the EAG.

The entity 'ZUSCHLÄGE BEI INNOVATIVEN ANLAGENFORMEN' is linked by a relationship indicating that the EAG implements surcharges for innovative solar plant forms. [Data: Entities 10, 215; Relationships 253]

## All described targets and support mechanisms are specified at the national level for Austria with deadlines set to 2030.

All enumerated targets and funding or support schemes are stated with Austria as the geographic scope and a 2030 deadline, as established in the sourced EAG law provisions. [Data: Entities 10, 44, 45, 159; Relationships 8, 37, 38, 180]",9.0,6,,,,,,,,,
5059b9ee7ff85ddc622abdc4053f2bdf53c8e1f94e35a80e481fb86fe5f04a8ef57ad273f0237f65d73453c8cd5e659ad8fc4246ad107988c7a6fec2d214ef53,76,1,Photovoltaics and Systemic Expansion in Austria's Solar Knowledge Graph,"This community covers the extensive role and systemic connections of photovoltaics (PV) within Austria’s renewable energy framework, including explicit relationships to national supply, policy targets, stakeholder benefits, technical constraints, and enabling technologies. Photovoltaics is described as a core technology for Austria’s decarbonization and energy transformation, linked in the data to numerous aspirational and scenario-based national goals (energy independence, climate neutrality, value creation, affordability, job creation, citizen participation) and a variety of constraints (grid connection, acceptance, economic viability, market capacity, regulatory requirements). Explicit supporting relationships are provided regarding market support schemes, price dynamics, infrastructure integration, and technology synergies. Limitations include the absence of quantitative deployment metrics and unspecified deadlines or geographic granularity for most targets; causal effects are discussed only where explicitly stated, and all findings reflect the supplied records’ terminology, status markers, and scope.","# Photovoltaics and Systemic Expansion in Austria's Solar Knowledge Graph

This community covers the extensive role and systemic connections of photovoltaics (PV) within Austria’s renewable energy framework, including explicit relationships to national supply, policy targets, stakeholder benefits, technical constraints, and enabling technologies. Photovoltaics is described as a core technology for Austria’s decarbonization and energy transformation, linked in the data to numerous aspirational and scenario-based national goals (energy independence, climate neutrality, value creation, affordability, job creation, citizen participation) and a variety of constraints (grid connection, acceptance, economic viability, market capacity, regulatory requirements). Explicit supporting relationships are provided regarding market support schemes, price dynamics, infrastructure integration, and technology synergies. Limitations include the absence of quantitative deployment metrics and unspecified deadlines or geographic granularity for most targets; causal effects are discussed only where explicitly stated, and all findings reflect the supplied records’ terminology, status markers, and scope.

## Photovoltaics is described as a central pillar for Austria's renewable electricity supply and broader decarbonization strategy.

Graph records repeatedly identify photovoltaics as the main renewable electricity generation technology, explicitly linked as a key and essential pillar for achieving the 2030 renewable electricity target and advancing national energy transition goals. [Data: Entities (3,15,23,24,490); Relationships (5,18,28,29,583)]

## Aspirational and scenario-based targets for PV expansion emphasize societal, economic, and technological outcomes.

The data details numerous officially stated and aspirational targets associated with PV: energy independence, affordable electricity, job and value creation, participation of citizens, innovation, maximum societal benefit, locational advantage, and environmentally friendly energy provision. In most cases, target values and deadlines are not specified. [Data: Entities (23,24,25,26,27,29,30,194,195,196,197,200,203,204,205); Relationships (28,29,30,31,32,34,35,228,229,230,231,234,237,238,239)]

## Numerous explicit constraints and challenges to PV deployment are listed.

The records name grid connection, societal acceptance, long-term economic viability, market capacities (including supply chains and skilled labor), market price effects during strong generation periods, and regulatory requirements such as environmental impact assessments as explicit constraints. These are formally encoded as challenge or constraining relationships, not as causal chains. [Data: Entities (165,166,167,168,295,532,536); Relationships (88,189,190,191,192,363,628,634)]

## Synergistic support and integration measures—including financial incentives, storage technologies, sector coupling, and dynamic tariffs—are associated with PV expansion.

Support schemes for PV, e-mobility, and bidirectional charging, as well as the integration of PV with storage, heat pumps, sector coupling with mobility/heating/hydrogen, and dynamic tariffs, are described as supporting measures or recommended approaches to enhance flexibility and the effectiveness of PV deployment. The specific implementation status of some supportive or recommended measures remains unclear in the records. [Data: Entities (320,275,277,317,322); Relationships (395,334,336,390,398)]

## PV deployment is associated with increased domestic value creation and job opportunities, though no quantitative metrics are provided.

Multiple findings explicitly link PV expansion to the enhancement of domestic economic value and the creation of jobs within the national PV industry and associated sectors, but no specific numerical or time-bound metrics are supplied. [Data: Entities (30,171,196,200); Relationships (30,35,199,230,234,580)]

## The records reflect several scenario-based and aspirational outcomes, rather than verified achievements.

Most policy and impact statements in the data are classified as targets, aspirational, or scenario-driven, as indicated by status and modality markers, and do not constitute empirical evidence of outcomes or implementation unless explicitly stated. [Data: Entities (23,24,25,26,27,29,30,194,195,196,197,200,203,204,205,490); Relationships (28,29,30,31,32,34,35,228,229,230,231,234,237,238,239,583)]",9.0,38,,,,,,,,,
8632dc2b59a63ffdb446755a0b6cc3e72f368578230f5ec0db7c9546fbc7da35e565071e22a8d3a5c85751eebd10601279bec32753e89d215638cebe54cf3cc1,12,0,"Support Schemes, Legal Targets, and Constraints for Photovoltaics in Austria","The supplied graph records describe interconnected Austrian and EU policy targets, national subsidy mechanisms, regulatory obligations, economic considerations, and technical scenarios for photovoltaic (PV) market development up to 2040. Key entities are the Renewable Expansion Act (EAG) and related Austrian legal and policy targets, which establish a 100% nationally balanced renewable electricity goal by 2030 and specify at least 11 TWh additional PV generation by that year. Financial support for PV expansion includes investment subsidies for Agri-PV, premiums for innovative installations, deductions for ground-mounted PV, and proposals for cumulative support combining PV with green roofs. Economic viability and constant incentives are cited as scenario-based prerequisites for achieving the anticipated annual expansion of approximately 2 GW, aimed to potentially reach a 41 TWh PV generation potential by 2040. There are also EU directives prescribing PV obligations for building construction and renovation. The documentation makes explicit use of qualifying language (e.g., scenario, planned action, under discussion) and reveals limitations, such as non-finalized obligations for parking lots, scenario-dependent targets, and the absence of real-world implementation data.","# Support Schemes, Legal Targets, and Constraints for Photovoltaics in Austria

The supplied graph records describe interconnected Austrian and EU policy targets, national subsidy mechanisms, regulatory obligations, economic considerations, and technical scenarios for photovoltaic (PV) market development up to 2040. Key entities are the Renewable Expansion Act (EAG) and related Austrian legal and policy targets, which establish a 100% nationally balanced renewable electricity goal by 2030 and specify at least 11 TWh additional PV generation by that year. Financial support for PV expansion includes investment subsidies for Agri-PV, premiums for innovative installations, deductions for ground-mounted PV, and proposals for cumulative support combining PV with green roofs. Economic viability and constant incentives are cited as scenario-based prerequisites for achieving the anticipated annual expansion of approximately 2 GW, aimed to potentially reach a 41 TWh PV generation potential by 2040. There are also EU directives prescribing PV obligations for building construction and renovation. The documentation makes explicit use of qualifying language (e.g., scenario, planned action, under discussion) and reveals limitations, such as non-finalized obligations for parking lots, scenario-dependent targets, and the absence of real-world implementation data.

## Austria’s legal framework (EAG) establishes official PV expansion and renewable electricity consumption targets for 2030.

The Erneuerbaren-Ausbau-Gesetz (EAG) sets the national target of 100% balance-sheet renewable electricity consumption by 2030 and codifies a minimum of 11 TWh additional PV generation by 2030, as evidenced by the existence of both the entity and explicit relationship records linking legal acts with defined targets. [Data: Entities 10, 8, 44, 159; Relationships 8, 38, 36]

## Multiple financial instruments and support schemes facilitate different forms of PV installations.

Investment subsidies support Agri-PV, premiums are allocated to innovative PV system types, and deductions apply to open-space PV; proposals exist for cumulative support combining PV and green roofs, with some measures established, others proposed or scenario-based. [Data: Entities 151, 215, 216, 232, 218, 233, 234, 214; Relationships 166, 251, 252, 277, 278, 279, 250]

## Economic viability and ongoing incentives are identified as scenario-based constraints for sustained annual PV expansion.

A scenario/planned expansion of approximately 2 GW PV capacity per year is said to depend on continued incentives and the economic viability of PV system operations, with the market premium cited as a prerequisite for economic success and operator financing until at least 2040. [Data: Entities 329, 327, 318, 319, 345, 346; Relationships 392, 391, 393, 420, 417]

## Regulatory frameworks and obligations aim to mobilize built-up or sealed surfaces and newly constructed or renovated buildings for PV deployment.

Regulatory incentives and obligations, some legally in force (e.g., housing law amendment for row houses), some under proposal or discussion (e.g., mandatory PV for large parking lots), and EU directives for new or renovated buildings, collectively aim to increase PV coverage via specific building types and land uses. [Data: Entities 208, 212, 217, 221, 229, 244, 231; Relationships 243, 244, 245, 255, 256, 273, 276, 289]

## PV ground-mounted installations may include biodiversity-enhancing features to align with EU renaturation goals.

Records state that biodiversity-oriented PV ground-mount designs can contribute to EU biodiversity restoration targets, and that financial support/deductions may be linked to such system types. [Data: Entities 220, 235, 228; Relationships 262, 263, 272]

## Targets and scenarios for cumulative PV generation by 2040 depend on maintaining current market and policy instruments.

Planned or scenario targets indicate a cumulative PV generation potential of up to 41 TWh by 2040 if supportive instruments and economic preconditions remain in place, without asserting that these targets are guaranteed outcomes. [Data: Entities 330, 329, 318, 346; Relationships 401, 392, 417]",9.0,34,,,,,,,,,
f9ecf79cae6f90e7dcb23022e51fb14d65d02a75c6a71a87c1ef87eb09acec04c90a36de8059304ef589b606ef99502bb446a4ce1756b73ec9788cc92a6d2339,18,0,Photovoltaics and Sectoral Integration in the Austrian Solar Market,"This community centers on photovoltaics (PV) as a core technology and policy focus within Austria’s electricity supply transformation and climate objectives. Relationships are established between PV and a range of energy sectors (heating, industry, mobility), stakeholders (businesses, citizens), and infrastructure elements (public grids, storage). Numerous policy, regulatory, and quality assurance schemes (such as the Eco-design Directive and transparent quality labels) explicitly support PV deployment, while identified constraints include grid connection, market capacity, economic viability, regulatory barriers, and societal acceptance. Dynamic tariffs, storage, and sector coupling (including e-mobility and heat pumps) are discussed as synergistic measures. Visible limitations include the lack of quantified numeric targets, measured outcomes, and unresolved challenges such as low or negative electricity prices during periods of high PV generation. The records are extensive in their associative and aspirational linkages while often lacking operational or performance data.","# Photovoltaics and Sectoral Integration in the Austrian Solar Market

This community centers on photovoltaics (PV) as a core technology and policy focus within Austria’s electricity supply transformation and climate objectives. Relationships are established between PV and a range of energy sectors (heating, industry, mobility), stakeholders (businesses, citizens), and infrastructure elements (public grids, storage). Numerous policy, regulatory, and quality assurance schemes (such as the Eco-design Directive and transparent quality labels) explicitly support PV deployment, while identified constraints include grid connection, market capacity, economic viability, regulatory barriers, and societal acceptance. Dynamic tariffs, storage, and sector coupling (including e-mobility and heat pumps) are discussed as synergistic measures. Visible limitations include the lack of quantified numeric targets, measured outcomes, and unresolved challenges such as low or negative electricity prices during periods of high PV generation. The records are extensive in their associative and aspirational linkages while often lacking operational or performance data.

## Photovoltaics is positioned as the central technology in Austria’s energy transition and is explicitly linked to climate neutrality and renewable electricity targets.

PV is referred to as a main pillar for decarbonization, the 2030 renewable electricity target, and climate neutrality, with increasing shares in Austria's power supply and comprehensive policy focus. [Data: Entities 3, 490; Relationships 5, 583, 18]

## PV expansion is associated with significant sectoral influence, particularly on the heating, industrial, and mobility sectors.

Records explicitly state that PV growth will have massive influence on the heating and industrial sectors and is directly associated with e-mobility and sector coupling strategies. [Data: Entities 190, 191, 276, 207; Relationships 224, 225, 335, 390]

## A range of policy instruments, standards, and quality assurance measures are described as supporting or regulating PV deployment.

The Eco-design Directive, national FTI research pacts, transparent quality labels, and quality-assurance measures are identified as regulatory and support mechanisms encompassing all PV deployment stages. [Data: Entities 250, 260, 262, 271, 459; Relationships 302, 305, 395, 304, 328, 330, 303, 544]

## Multiple economic, technical, social, and regulatory constraints to PV growth are explicitly documented.

Challenges include grid connection, bureaucratic hurdles, market capacity, societal acceptance, long-term economic viability, public acceptance of visible infrastructure, and price signals (such as negative power prices during high production). [Data: Entities 165, 489, 168, 166, 167, 471, 295, 198, 532; Relationships 189, 582, 192, 190, 191, 590, 363, 233, 628, 634]

## PV expansion is associated with several aspirational national targets, including affordable and sustainable electricity, domestic value creation, energy independence, job creation, and enhanced citizen participation, but these targets generally lack quantified values or timelines.

Aspirational goals are repeatedly affirmed in the graph records, listing increased domestic value, job creation, energy sovereignty, and public benefits, though numeric targets and measured progress are not specified. [Data: Entities 23, 24, 25, 26, 27, 29, 30, 171, 194, 195, 200, 203; Relationships 28, 29, 30, 31, 32, 34, 35, 199, 228, 229, 230, 231, 234, 237]

## Integration with storage, heat pumps, e-mobility, dynamic tariffs, and technological optimizations are identified as recommended or associated approaches to enhance PV system flexibility and system benefits.

PV is linked with storage technologies, heat pumps, e-mobility (including bidirectional charging), sector coupling, and the proposed use of dynamic tariffs, all framed as synergistic or recommended measures. [Data: Entities 275, 277, 320, 337, 322, 301, 317; Relationships 334, 336, 335, 413, 398, 371, 390]

## A significant reduction in photovoltaic component costs is described as supporting increased PV adoption.

Cost degression in PV components is listed as a supporting factor for deployment, though no specific magnitude or trend data is supplied. [Data: Entities 487; Relationships 580]",9.0,62,,,,,,,,,
67492b2814bbce24cad9e7a687c639724cc866bc2bf14d518c722b8678f999667caab5efe8c76c7b7f0e1b5195b1e761fb8cd0f751f25fcb1f4ee5f7cb05b2ee,19,0,Austrian Photovoltaic Strategy and Its Ecosystem,"This community is centered on the Austrian Photovoltaic Strategy (ÖSTERREICHISCHE PHOTOVOLTAIK-STRATEGIE), which serves as a guiding framework for the expansion, development, and integration of photovoltaics in Austria. The strategy includes scenario-based national targets, such as PV supplying approximately 30% of electricity and 20% of total energy by 2040, and envisions planned actions including energy consumption and greenhouse gas reduction, enhancing energy system security and reliability, and proposing optimization across technical, regulatory, and social domains. It involves key stakeholders like the federal ministry, grid operators, standards bodies, interest groups, and research institutions. The strategy explicitly supports building-integrated and infrastructure-based PV, flagship projects, utilization of built-up areas, digitalization of grid/infrastructure, and long-term economic operation as a constraint. Its interaction with subsidy schemes, relevant laws (e.g., EABG), and the European Research Framework Programme is referenced, though some policy implementation statuses are described as unknown or conflicting. Limitations in the data include non-quantified targets for many action areas, lack of direct market metric outcomes, and several measures described as recommended, planned, or scenario-based rather than realized.","# Austrian Photovoltaic Strategy and Its Ecosystem

This community is centered on the Austrian Photovoltaic Strategy (ÖSTERREICHISCHE PHOTOVOLTAIK-STRATEGIE), which serves as a guiding framework for the expansion, development, and integration of photovoltaics in Austria. The strategy includes scenario-based national targets, such as PV supplying approximately 30% of electricity and 20% of total energy by 2040, and envisions planned actions including energy consumption and greenhouse gas reduction, enhancing energy system security and reliability, and proposing optimization across technical, regulatory, and social domains. It involves key stakeholders like the federal ministry, grid operators, standards bodies, interest groups, and research institutions. The strategy explicitly supports building-integrated and infrastructure-based PV, flagship projects, utilization of built-up areas, digitalization of grid/infrastructure, and long-term economic operation as a constraint. Its interaction with subsidy schemes, relevant laws (e.g., EABG), and the European Research Framework Programme is referenced, though some policy implementation statuses are described as unknown or conflicting. Limitations in the data include non-quantified targets for many action areas, lack of direct market metric outcomes, and several measures described as recommended, planned, or scenario-based rather than realized.

## The Austrian Photovoltaic Strategy sets scenario-based national targets for PV integration by 2040.

The strategy sets forth scenarios where PV is planned or envisioned to supply about 30% of Austria's electricity and up to 20% of its total energy by 2040, marking these as scenario-based rather than achieved or guaranteed values. [Data: Entities 6, 77, 78; Relationships 84, 85]

## Explicit planned actions include increased energy efficiency, energy consumption reduction, greenhouse gas emission reduction by 2030, and enhanced energy security and system resilience.

The strategy identifies as planned steps the reduction of energy consumption through efficiency measures, accelerated greenhouse gas reduction by 2030, improved energy supply security, and enhanced resilience and reliability of the energy system, though without always specifying numerical targets. [Data: Entities 72, 73, 74, 75; Relationships 92, 93, 94, 95, 100]

## Support and incentive systems, infrastructure adaptation, and digitalization are positioned as major levers for PV expansion.

The support (subsidy) system, optimization of energy infrastructure (including digitalized grid connection procedures), and further development of infrastructures (e.g., for flexibility and integration), together with law/regulatory references like EABG, are specifically described as key to expanding PV deployment. [Data: Entities 488, 178, 131, 355; Relationships 581, 205, 149, 431, 511]

## The strategy explicitly supports building-integrated and infrastructure-based PV, with reference to flagship projects, mobilization of built-up areas, rooftop leasing, and structural safety measures.

Framework conditions for using existing built environments for PV are documented, including nationwide flagship projects, mobilization of sealed areas, rooftop leasing, and the requirement for structural analysis to ensure installation safety. [Data: Entities 351, 376, 377, 378, 379; Relationships 427, 453, 454, 455, 456]

## Stakeholder roles are attributed to the federal ministry, grid operators, standardization bodies, interest representatives, and research institutions, each with referenced responsibilities.

The Federal Ministry for Climate Action is contextually identified as responsible for the strategy; grid operators, standards organizations, and interest groups are cited as necessary for successful implementation; and research institutions are closely associated with the innovation strategy field. [Data: Entities 537, 82, 83, 84, 186, 202, 189; Relationships 104, 105, 106, 218, 642, 236]

## Many targets and measures are characterized by non-quantified or scenario-based status, and several policy or regulatory elements have unknown or conflicting reported implementation states.

Numerous targets (e.g., resilience, supply security, innovation) lack quantified values or deadlines. Some sources describe the strategy or laws such as EABG as in force, ongoing, unknown, or only recommended, leading to ambiguity about implementation status. [Data: Entities 6, 355; Relationships 431, 599]

## The strategic focus includes optimizing PV planning across technical, economic, regulatory, and social dimensions, as well as orienting national actions with broader EU research initiatives.

The strategy recommends optimal, holistic PV planning and alignment or orientation with the European Research Framework Programme to reinforce the national and EU business site, described as a recommendation rather than an implemented reality. [Data: Entities 498, 88; Relationships 599, 97]",9.0,34,,,,,,,,,
71b62ffbd815dbfd00339d423ad95a85a797947c587b718f3dcf130a036f19155979c389675b50acadc35a2d191422b5ab0250707d64f170fb99c88986732c7b,9,0,Austrian Photovoltaic Expansion Targets and Supporting Policies,"This community centers on Austria's scenario-based targets for expanding photovoltaic (PV) capacity and generation by 2040, as set out in national infrastructure plans and policies such as the Integrated Austrian Network Infrastructure Plan (ÖNIP/NIP). The records detail explicit quantitative and scenario-based targets for annual PV installations and cumulative generation, the supporting role of laws and EU directives (e.g., RED III, Umweltförderungsgesetz), the function of flexibility technologies including storage, and the planning of zoning instruments like Renewables Acceleration Areas. The main actors cited are the Austrian Ministry for Climate Protection (BMK) and Umweltbundesamt. Limitations include scenario-based status of most targets and reliance on planned or recommended measures rather than confirmed outcomes.","# Austrian Photovoltaic Expansion Targets and Supporting Policies

This community centers on Austria's scenario-based targets for expanding photovoltaic (PV) capacity and generation by 2040, as set out in national infrastructure plans and policies such as the Integrated Austrian Network Infrastructure Plan (ÖNIP/NIP). The records detail explicit quantitative and scenario-based targets for annual PV installations and cumulative generation, the supporting role of laws and EU directives (e.g., RED III, Umweltförderungsgesetz), the function of flexibility technologies including storage, and the planning of zoning instruments like Renewables Acceleration Areas. The main actors cited are the Austrian Ministry for Climate Protection (BMK) and Umweltbundesamt. Limitations include scenario-based status of most targets and reliance on planned or recommended measures rather than confirmed outcomes.

## Austria has scenario-based and planned targets for significant PV expansion by 2040.

Austria intends to maintain an average annual photovoltaic capacity expansion of 2 GW up to 2040, with a scenario target of PV supplying 20% of total energy supply and an overall technical PV potential of 41 TWh annual generation by 2040; these figures are based on assessments in the Integrated Austrian Network Infrastructure Plan (ÖNIP/NIP) and are reported as scenarios or planned targets. [Data: Entities 156, 175, 152, 164, 9, 160; Relationships 175, 201, 167, 9, 188]

## The Integrated Austrian Network Infrastructure Plan (ÖNIP/NIP) plays a central role in determining PV expansion potential and targets.

The ÖNIP/NIP, as a draft plan, sets the photovoltaic expansion potential at 41 TWh by 2040 and bases its estimates on scenario development carried out by Umweltbundesamt. [Data: Entities 160, 152, 161, 162; Relationships 167, 9, 170]

## EU and national policy instruments aim to facilitate acceleration of renewables, particularly PV.

The Renewables Acceleration Areas zoning instrument is planned/required by the EU's RED III directive, which mandates Member States to designate specific zones for speedier renewable installations such as photovoltaics; this requirement is reflected in Austrian policy planning. [Data: Entities 249, 248, 267; Relationships 298, 297, 327]

## Flexibility solutions including energy storage are explicitly cited as necessary for effective PV integration.

Flexibility technologies, including storage, are recognized as supporting PV system integration and facilitating the energy transition, with supply and demand for flexibility noted as relevant metrics in Austria's electricity system. [Data: Entities 493, 499; Relationships 593, 597]

## National laws incorporate environmental and planning constraints relevant to PV expansion.

The Umweltförderungsgesetz (UFG) is in force, addressing environmental protection, contaminated site remediation, biodiversity, water management, and land recycling, all potentially constraining or guiding PV deployment. [Data: Entities 512, 528, 529, 530, 531, 527; Relationships 622, 629, 630, 631, 632, 633]

## PV deployment by 2023 reached record levels in Austria, matching or exceeding planned average expansion rates.

Austria saw approximately 2.5 GW of new PV capacity in 2023, over double the 1 GW installed in 2022, aligning with or surpassing the identified average annual expansion path toward long-term targets. [Data: Entities 12, 13, 163; Relationships 11, 13, 186]

## Most enumerated targets and projections for PV are scenario-based or planned, not verified outcomes.

Targets for 2040 PV share, generation potential, and annual expansion are described as planned or scenario-based; the primary records do not confirm achievement but reflect intended pathways or technical potentials. [Data: Entities 156, 152, 175, 164, 153; Relationships 175, 167, 188, 168]",8.0,49,,,,,,,,,
b7a3f2ea0eb52bb85addd03e4189eb5d51e9bc9c6e8c2da72b159df7e1164a6494e76b68657b3df4720ac52e7a1d77e00d16724e0ca650bb3423df4f4a112f0e,3,0,"PV Acceptance, Biodiversity, and Workforce Development in the Austrian Solar Market","This graph community centers on interlinked themes of photovoltaic (PV) technology acceptance, ecological value via biodiversity-oriented PV installations, related policy and market actors, infrastructural deployment solutions, and workforce upskilling within Austria's domestic solar market. The records document a series of explicitly stated supports, constraints, and measured outcomes relating to PV project quality, public approval metrics, nature conservation, architectural/infrastructure adaptations (such as PV on noise barriers, rooftop leasing, and multifunctional land use), and the roles of domestic and international market actors. Several vocational and training initiatives are linked to energy transition-relevant professions, indicating an ongoing emphasis on building workforce capacity. Ecological benefits of PV-biodiversity projects, such as habitat creation and soil quality improvements, are substantiated by cited studies. The evidence base has some limitations due to the qualitative nature of several benefits, absence of specific quantified outcomes in certain measures, and the forward-looking (planned, proposed) status of some actions.","# PV Acceptance, Biodiversity, and Workforce Development in the Austrian Solar Market

This graph community centers on interlinked themes of photovoltaic (PV) technology acceptance, ecological value via biodiversity-oriented PV installations, related policy and market actors, infrastructural deployment solutions, and workforce upskilling within Austria's domestic solar market. The records document a series of explicitly stated supports, constraints, and measured outcomes relating to PV project quality, public approval metrics, nature conservation, architectural/infrastructure adaptations (such as PV on noise barriers, rooftop leasing, and multifunctional land use), and the roles of domestic and international market actors. Several vocational and training initiatives are linked to energy transition-relevant professions, indicating an ongoing emphasis on building workforce capacity. Ecological benefits of PV-biodiversity projects, such as habitat creation and soil quality improvements, are substantiated by cited studies. The evidence base has some limitations due to the qualitative nature of several benefits, absence of specific quantified outcomes in certain measures, and the forward-looking (planned, proposed) status of some actions.

## PV deployment and acceptance in Austria are supported by explicit strategies targeting expansion in domestic value creation.

The Austrian PV strategy and supporting initiatives target both the technological and economic development of photovoltaics (PV), with acceptance and market development named as central focus areas. [Data: Entities 347, 58; Relationships 421, 48]

## Ecological benefits are specifically attributed to biodiversity-oriented PV installations, which advance habitat quality and soil improvement.

Studies indicate that PV-biodiversity installations create demonstrable ecological added value by providing habitats for plants and animals and improving soil quality, with these qualitative benefits feeding back into support for broader PV deployment. [Data: Entities 359, 349, 380, 381, 382, 384; Relationships 435, 436, 458, 459, 460, 424, 457]

## Public acceptance of PV projects is measured and reported to be high, especially for municipal projects but somewhat lower for ground-mounted installations.

2024 survey data show 83% acceptance of PV projects in municipalities and 61% (fully or somewhat) for ground-mounted projects, indicating nuanced public support and acceptance levels. [Data: Entities 360; Relationships 437]

## Quality in planning and execution, as well as nature conservation and architectural aesthetics, are explicitly stated as essential conditions for PV project acceptance.

Graph data state that acceptance of both large and small PV projects is conditioned on high planning/execution quality, with nature protection and construction aesthetics further listed as constraints to project rollout. [Data: Entities 364, 362, 363, 373, 374; Relationships 445, 443, 444, 465, 466]

## Various infrastructural solutions and multifunctional land use approaches are identified as mechanisms to increase PV adoption and social acceptance.

PV deployment on noise barriers, the use of heritage-adapted modules, rooftop leasing models, and multifunctionality in built, agricultural, and transport infrastructures (including Agri-PV) are cited as recommended or planned actions for broader and more accepted PV implementation. [Data: Entities 354, 352, 353, 365, 370, 372; Relationships 430, 446, 428, 429, 432, 450, 462, 433, 461]

## Workforce development, especially in relevant vocational fields, is prioritized through targeted training and upskilling initiatives.

Explicit initiatives support education, retraining, and qualification in electrotechnology, roofing, and energy-transition-related professions as required measures to advance Austria’s PV goals. [Data: Entities 397, 405, 406, 407, 398; Relationships 479, 494, 492, 493, 495]

## Market actors—spanning industrial, innovative, and financial roles—are identified as contributors to Austrian PV development, with the EU Taxonomy influencing investment flows.

Domestic and international companies, innovative craft and digital businesses, and both private and institutional investors are noted as participating in the PV value chain, with the EU Taxonomy regulation shaping sustainable investment decision-making. [Data: Entities 386, 368, 369, 387, 391, 187, 188, 201, 220, 235, 408; Relationships 489, 447, 448, 219, 220, 235, 497, 496, 470]",8.5,38,,,,,,,,,
2df3aaae7febc40b47e07ff67ccc8336e262215df1ef758de8db7cbe37f76f910c2683d7a34ecf09e871f579f4581ad0a45503e5eac39b6c1cebec8cbc42a877,91,1,Austrian Photovoltaics Research and Innovation Community,"This community describes the interconnected landscape of photovoltaics (PV) research and innovation in Austria, comprising national strategies, dedicated action fields, and the roles of leading and general PV research institutions. The ÖSTERREICHISCHE PHOTOVOLTAIK-STRATEGIE explicitly defines 'FORSCHUNG-TECHNOLOGIE-INNOVATION' as a key action field focused on developing new technical and systemic PV solutions. Research institutions in the PV sector are specifically associated with this innovation action field, and leading research entities are characterized as a major component within the broader category of PV research institutions. There are no explicit performance outcomes, quantified targets, or implementation results in the supplied records. Limitations include a lack of identified organizations, policy effects, market metrics, specific technologies, and implementation status.","# Austrian Photovoltaics Research and Innovation Community

This community describes the interconnected landscape of photovoltaics (PV) research and innovation in Austria, comprising national strategies, dedicated action fields, and the roles of leading and general PV research institutions. The ÖSTERREICHISCHE PHOTOVOLTAIK-STRATEGIE explicitly defines 'FORSCHUNG-TECHNOLOGIE-INNOVATION' as a key action field focused on developing new technical and systemic PV solutions. Research institutions in the PV sector are specifically associated with this innovation action field, and leading research entities are characterized as a major component within the broader category of PV research institutions. There are no explicit performance outcomes, quantified targets, or implementation results in the supplied records. Limitations include a lack of identified organizations, policy effects, market metrics, specific technologies, and implementation status.

## The Austrian photovoltaics strategy proposes research, technology, and innovation as a principal action field.

The ÖSTERREICHISCHE PHOTOVOLTAIK-STRATEGIE [Data: Relationships (210)] identifies 'FORSCHUNG-TECHNOLOGIE-INNOVATION' as a vital domain for advancing technical and systemic PV solutions in Austria.

## Research institutions in photovoltaics are explicitly associated with the field of research, technology, and innovation.

'FORSCHUNGSEINRICHTUNGEN IM BEREICH DER PHOTOVOLTAIK' are stated to be closely related to the 'FORSCHUNG-TECHNOLOGIE-INNOVATION' action field for PV development [Data: Relationships (218)].

## Leading PV research institutions are identified as a subset of research institutions in the broader photovoltaics field.

'FÜHRENDE FORSCHUNGSEINRICHTUNGEN IM BEREICH DER PHOTOVOLTAIK' are described as a major part of the overall field of 'FORSCHUNGSEINRICHTUNGEN IM BEREICH DER PHOTOVOLTAIK' [Data: Relationships (236)].",5.5,3,,,,,,,,,
1e9c88fb10bc5ca8e044c9f8e501f2c5653fa6da83cceaf530d7158c0d58bcf039fc25ba9eaef64ed312ea4b64fdbfadadca9ab509a61dddeec047e9bdde4e47,23,1,"Stakeholders, Action Fields, and Strategic Aims in the Austrian PV Strategy","The supplied graph records describe the Austrian PHOTOVOLTAIK-STRATEGIE as a national strategy that defines action areas and targets for photovoltaic (PV) market transformation. Explicitly associated stakeholders include economic actors, scientific/research communities, citizens, federal states, grid operators, and interest groups; all are named as necessary participants or collaborators. The strategy sets an official PV expansion target of at least 11 TWh by 2030 and outlines several action fields: economic viability of PV systems, citizen participation, maintaining public acceptance, research-technology-innovation, and standardisation. Each proposed action field is referenced in association with named actor types or infrastructure domains, though the efficacy or specific implementation outcomes are not stated. The data does not contain observed results, causality, or detailed quantitative measures beyond the cited target. The primary limitation is the absence of data on actual market metrics, implementation progress, or direct causal effects of the enumerated measures.","# Stakeholders, Action Fields, and Strategic Aims in the Austrian PV Strategy

The supplied graph records describe the Austrian PHOTOVOLTAIK-STRATEGIE as a national strategy that defines action areas and targets for photovoltaic (PV) market transformation. Explicitly associated stakeholders include economic actors, scientific/research communities, citizens, federal states, grid operators, and interest groups; all are named as necessary participants or collaborators. The strategy sets an official PV expansion target of at least 11 TWh by 2030 and outlines several action fields: economic viability of PV systems, citizen participation, maintaining public acceptance, research-technology-innovation, and standardisation. Each proposed action field is referenced in association with named actor types or infrastructure domains, though the efficacy or specific implementation outcomes are not stated. The data does not contain observed results, causality, or detailed quantitative measures beyond the cited target. The primary limitation is the absence of data on actual market metrics, implementation progress, or direct causal effects of the enumerated measures.

## The PHOTOVOLTAIK-STRATEGIE sets an explicit national PV expansion target of at least 11 TWh by 2030.

The strategy is described as defining a PV expansion target, with this threshold and deadline stated as an official strategy directive. [Data: Entities 31; Relationships 36]

## Principal stakeholders identified for strategy implementation include the business sector, scientific/research community, citizens, federal states, grid operators, interest groups, and entities involved in standardisation.

Multiple entity and relationship records list WIRTSCHAFT, WISSENSCHAFT, BÜRGERINNEN UND BÜRGER, LAND, NETZBETRIEB, INTERESSEN­SVERTRETUNGEN, and NORMUNG as explicitly associated with the strategy’s planning and implementation. [Data: Entities 36, 35, 38, 60, 63, 37, 64; Relationships 62, 61, 65, 69, 72, 63, 73]

## The strategy organizes sectoral priorities into several action fields, including economic viability of PV, public acceptance, participation, research/technology/innovation, and standardisation.

These domains are listed as action fields either proposed or outlined within the PHOTOVOLTAIK-STRATEGIE policy. [Data: Entities 55, 56, 57, 59, 64; Relationships 45, 46, 47, 73]

## Citizen participation is described as a cross-cutting action field centered on the public’s role in energy and PV market transformation.

PARTIZIPATION DER BEVÖLKERUNG is presented as requiring and centering on citizens, with explicit references to its importance within the broader strategy. [Data: Entities 59, 38; Relationship 67]

## No direct evidence of observed implementation results or causal attribution is supplied.

All recorded relationships connect actors, action fields, and targets but do not provide ex-post measures, success indicators, or observed outcomes. [Data: All supplied entities and relationships]",7.5,12,,,,,,,,,
dae8aad7a7d89f7582b1db5f2771890969b03b9e4c90fb82242d57c4cdab7e5ff1cc0417c920829a7ea7fe175fbc52b83a129d770afe4a96ab61f3fa4bb7e2b8,97,1,Regulatory Reform for PV Integration in Austrian Distribution Grids,"This community is centered on the ELEKTRIZITÄTSWIRTSCHAFTSGESETZ (ELWG), a law undergoing legislative review in Austria as of early 2024, which is described as aiming to modernize the regulatory framework for the electricity market, primarily affecting the integration of photovoltaics (PV) into distribution grids. The supplied graph records describe the ELWG as intending to promote increased transparency, digitalization, the introduction of ambitious and regular network development plans, enhanced flexibility, modernization of market roles, and publication of grid capacity data at the distribution level, all with a focus on supporting renewable energy and PV deployment. Most measures are described as planned actions, not yet completed or fully implemented, with certain status markers labeled as 'in legislative review,' 'planned,' or 'proposed.' The information is limited to structural regulatory intentions and does not include evidence on effectiveness, implementation status beyond legislative review, specific numerical targets, or real-world outcomes.","# Regulatory Reform for PV Integration in Austrian Distribution Grids

This community is centered on the ELEKTRIZITÄTSWIRTSCHAFTSGESETZ (ELWG), a law undergoing legislative review in Austria as of early 2024, which is described as aiming to modernize the regulatory framework for the electricity market, primarily affecting the integration of photovoltaics (PV) into distribution grids. The supplied graph records describe the ELWG as intending to promote increased transparency, digitalization, the introduction of ambitious and regular network development plans, enhanced flexibility, modernization of market roles, and publication of grid capacity data at the distribution level, all with a focus on supporting renewable energy and PV deployment. Most measures are described as planned actions, not yet completed or fully implemented, with certain status markers labeled as 'in legislative review,' 'planned,' or 'proposed.' The information is limited to structural regulatory intentions and does not include evidence on effectiveness, implementation status beyond legislative review, specific numerical targets, or real-world outcomes.

## The ELEKTRIZITÄTSWIRTSCHAFTSGESETZ (ELWG) is undergoing legislative review and aims to modernize Austria's electricity market regulation with a focus on renewable integration, particularly photovoltaics.

Sources describe the ELWG as new or updated and under legislative review, intending to address transparency, digitalization, new market roles, incentives for renewable energy, and regular distribution grid planning, with status variously noted as in review or proposed/adopted (not specified precisely in supplied descriptions) [Data: Entities 209; Relationships 246, 247, 352].

## The ELWG includes planned measures for more transparency in the distribution grid and publication of grid capacity data to support PV planning.

Records indicate that the law will regulate the distribution grid (Verteilernetz) by introducing enhanced transparency, including public access to information on grid capacities, to promote investment and planning in PV systems [Data: Entities 213, 240; Relationships 247, 284].

## Digitalization of the distribution grid is explicitly regulated by the new ELWG as a means of integrating renewables and decentralized generation.

The ELWG is stated to include measures for digital infrastructure improvements in the distribution grid, with the aim of supporting integration of renewable and decentralized electricity generation [Data: Entities 278, 283; Relationship 351].

## Ambitious and regular network development plans at the distribution grid level are described as essential and are explicitly regulated by the ELWG.

Regularly created, result-oriented network development plans for the distribution grid are mandated by the ELWG as a foundational requirement for PV integration and expansion [Data: Entities 241, 297; Relationships 352, 366, 286].

## Additional planned regulatory measures under the ELWG include time-limited flexible grid access, enhanced system flexibility, and the introduction of modernized or new official electricity market roles.

Graph links specify that flexible grid access for PV systems, regulatory support for greater system flexibility, and formal engagement or creation of new market roles are all supported by the ELWG as planned actions [Data: Entities 239, 242, 243; Relationships 283, 287, 288].",8.0,10,,,,,,,,,
4e40a0ce958ae4813d9575bd5581bf7ec22e174512de9047338431b8a4ada69280cb22e9e93f2f191f731d6938155f72193e92790c81a147368fa7d885cca9fa,77,1,Bureaucratic Hurdles and Their Mitigation in Austrian Photovoltaic Deployment,"The extracted records detail the presence of bureaucratic obstacles hampering photovoltaic (PV) deployment in Austria and the ongoing efforts to reduce these barriers. A specific support mechanism focuses on the progressive reduction of such hurdles, which is described as facilitating increased PV adoption and participation in Austria's energy transition. The relationships explicitly identify bureaucratic obstacles as regulatory constraints on PV expansion and the reduction of these hurdles as contributing to the mitigation of this constraint. The information is focused on the administrative aspects affecting the PV market, with limited detail on the broader technical, market, or policy context.","# Bureaucratic Hurdles and Their Mitigation in Austrian Photovoltaic Deployment

The extracted records detail the presence of bureaucratic obstacles hampering photovoltaic (PV) deployment in Austria and the ongoing efforts to reduce these barriers. A specific support mechanism focuses on the progressive reduction of such hurdles, which is described as facilitating increased PV adoption and participation in Austria's energy transition. The relationships explicitly identify bureaucratic obstacles as regulatory constraints on PV expansion and the reduction of these hurdles as contributing to the mitigation of this constraint. The information is focused on the administrative aspects affecting the PV market, with limited detail on the broader technical, market, or policy context.

## Bureaucratic Hurdles Have Constrained PV Deployment.

Records describe bureaucratic obstacles as regulatory and administrative barriers that have explicitly constrained solar PV deployment in Austria, although these are indicated to be lessening over time. [Data: Entities (489); Relationships (582)]

## A Support Mechanism Targets Reduction of Bureaucratic Hurdles.

The reduction of bureaucratic hurdles is identified as a specific support mechanism intended to facilitate photovoltaic adoption and support Austria's energy transition. [Data: Entities (497); Relationships (596)]

## Reduction of Bureaucratic Hurdles Is Described as Contributing to Lowering Regulatory Barriers.

A directed relationship indicates that the progressive reduction of bureaucratic hurdles contributes to mitigating regulatory barriers for PV expansion. [Data: Relationships (596)]

## Descriptions Emphasize Administrative Rather Than Technical or Market Aspects.

The supplied records focus exclusively on bureaucratic and regulatory constraints, without substantive detail on PV technologies, quantitative targets, financial support schemes, or specific organizations. [Data: Entities (489, 497); Relationships (582, 596)]",5.0,2,,,,,,,,,
eb675a41b09bdbd4c630fa5c50c9350df16e92fe66818950f86f2d4e0c144a52fbfb4a4d8e7c8b3ebabeb2374e23f4f92df68e1e0d58932b16bd640a614623c9,81,1,Social Acceptance Constraints in Austrian PV Installation Visibility,"This community focuses on the relationship between the widespread visibility of photovoltaic (PV) installations in Austria and the sustained social acceptance required for PV expansion and related electric infrastructure. The available records detail one explicit constraint, noting the need for permanent societal acceptance owing to the high visibility of PV installations. No quantified targets or specific deadlines are provided, and the evidence is limited to high-level aspirational and factual statements about social aspects of PV deployment.","# Social Acceptance Constraints in Austrian PV Installation Visibility

This community focuses on the relationship between the widespread visibility of photovoltaic (PV) installations in Austria and the sustained social acceptance required for PV expansion and related electric infrastructure. The available records detail one explicit constraint, noting the need for permanent societal acceptance owing to the high visibility of PV installations. No quantified targets or specific deadlines are provided, and the evidence is limited to high-level aspirational and factual statements about social aspects of PV deployment.

## The metric of broad visibility of PV installations in Austria is recognized but not quantified.

The entity 'BREITE SICHTBARKEIT DER PV-INSTALLATIONEN' describes the notable visibility of PV installations nationally, labeled as approximate, with no quantified value or specific reference year. [Data: Entities (198)]

## Sustained acceptance in the population is set as an aspirational target for PV expansion and related infrastructure.

The entity 'DAUERHAFTE AKZEPTANZ IN DER BEVÖLKERUNG' defines a target for ongoing public acceptance as essential for successful PV expansion, with unquantified values and no specified deadline. [Data: Entities (199)]

## A direct, explicit constraint relationship connects PV installation visibility with the requirement for lasting public acceptance.

The records specify an explicit, fact-based constraint relationship, indicating that the continued widespread visibility of PV installations necessitates permanent acceptance from the population. [Data: Relationships (233)]

## The records do not provide specific measurements, deadlines, or quantified policy targets related to these social acceptance requirements.

Both entities and their relationship are described in vague, aspirational, or not-quantified terms, limiting detailed analysis. [Data: Entities (198, 199); Relationships (233)]",5.0,2,,,,,,,,,
ef0ddf66ec237b1b16a1db33725a53a29bbe526d8b443d9ae803bbab5556b832a110ab8dcbc93f5b7fe86bbe633c30e2e3d99d57f8162a6e3a4cd894bd3fb350,43,1,"Austrian Photovoltaic Market Metrics, Expansion Targets, and Energy Policy Community","This community features explicit relationships among Austria's (ÖSTERREICH) national PV generation and expansion metrics (notably 6.3 TWh of PV-generated energy in 2023 and approximately 2.5 GW of new PV capacity added in 2023), scenario-based and planned policy targets for PV and renewable energies (including a 2040 climate neutrality target and a scenario of 20% PV share in Austria's energy supply), and the identification of supporting renewable technologies (wind power). PV's share in Austria's electricity supply and total energy demand by 2023 is captured at approximately 10% and 2%, respectively. Policy instruments such as collective generation plants are referenced only at the concept level, and there is acknowledgment of Austria's pursuit of nearly complete energy sovereignty by 2040 via renewables. Limitations include the lack of detailed outcome data on policy implementation, stakeholder identification, or financial mechanisms, and described metrics and targets are often stated as approximate, scenario-based, or qualitative.","# Austrian Photovoltaic Market Metrics, Expansion Targets, and Energy Policy Community

This community features explicit relationships among Austria's (ÖSTERREICH) national PV generation and expansion metrics (notably 6.3 TWh of PV-generated energy in 2023 and approximately 2.5 GW of new PV capacity added in 2023), scenario-based and planned policy targets for PV and renewable energies (including a 2040 climate neutrality target and a scenario of 20% PV share in Austria's energy supply), and the identification of supporting renewable technologies (wind power). PV's share in Austria's electricity supply and total energy demand by 2023 is captured at approximately 10% and 2%, respectively. Policy instruments such as collective generation plants are referenced only at the concept level, and there is acknowledgment of Austria's pursuit of nearly complete energy sovereignty by 2040 via renewables. Limitations include the lack of detailed outcome data on policy implementation, stakeholder identification, or financial mechanisms, and described metrics and targets are often stated as approximate, scenario-based, or qualitative.

## Austria's photovoltaic expansion increased from over 1 GW in 2022 to approximately 2.5 GW in 2023.

Explicit measurements show Austria's annual PV capacity expansion was over 1 GW in 2022 and approximately 2.5 GW in 2023, more than doubling the previous year's value. [Data: Entities (12,13); Relationships (11,13)]

## In 2023, photovoltaics generated approximately 6.3 TWh of energy, covering around 10% of Austria's electricity consumption and 2% of total energy demand.

PV-generated energy in Austria reached 6.3 TWh in 2023; by the end of 2023, PV installations supplied approximately 10% of final electricity consumption and 2% of total energy demand. [Data: Entities (81,154,155); Relationships (81,173,174)]

## Austria sets a scenario-based 2040 target for photovoltaics to supply 20% of the total energy and plans for an average annual PV expansion rate of 2 GW up to 2040.

A scenario for 2040 envisions PV covering 20% of Austria's energy supply, with a planned average annual PV capacity increase of 2 GW through 2040, though these are characterized as targets or scenarios rather than achieved results. [Data: Entities (156,175); Relationships (175,201)]

## Austria officially targets national climate neutrality by 2040, with achievement seen as associated with a successful energy transition.

Climate neutrality in Austria by 2040 is presented as an official target linked with the broad energy transition ('Energiewende'), but the records do not specify concrete measures, policies, or guarantee achievement. [Data: Entities (7); Relationships (6,27)]

## Renewable energy sources including photovoltaics, wind, and others are envisioned to enable nearly complete energy sovereignty for Austria by 2040.

A scenario describes Austria as nearly energy-sovereign via solar, hydropower, wind, bioenergy, and green hydrogen by 2040, supported by wind power as a main contributor, but the relationship is scenario-based and does not confirm outcome or exclusivity. [Data: Entities (76,169); Relationships (99,193)]

## Policy concepts such as collective generation plants are mentioned in the community but are not further explained in terms of concrete implementation or impact.

The concept of 'gemeinschaftliche Erzeugungsanlagen' (collective generation plants) is acknowledged as part of policy discussions in Austria but lacks detail on scope, deployment, or influence within the supplied records. [Data: Entities (514); Relationships (620)]

## Austria is characterized as having predictable and only slightly internationally dependent electricity prices, without further quantitative detail.

Electricity prices in Austria are qualitatively described as foreseeable and minimally affected by international trends, but no further metrics or evidence of implementation are provided. [Data: Entities (120); Relationships (144)]",8.0,14,,,,,,,,,
